insert into country (id, name) values(0, 'AF');
insert into country (id, name) values(1, 'AL');
insert into country (id, name) values(2, 'DZ');
insert into country (id, name) values(3, 'AS');
insert into country (id, name) values(4, 'AD');
insert into country (id, name) values(5, 'AO');
insert into country (id, name) values(6, 'AI');
insert into country (id, name) values(7, 'AQ');
insert into country (id, name) values(8, 'AG');
insert into country (id, name) values(9, 'AR');
insert into country (id, name) values(10, 'AM');
insert into country (id, name) values(11, 'AW');
insert into country (id, name) values(12, 'AU');
insert into country (id, name) values(13, 'AT');
insert into country (id, name) values(14, 'AZ');
insert into country (id, name) values(15, 'BS');
insert into country (id, name) values(16, 'BH');
insert into country (id, name) values(17, 'BD');
insert into country (id, name) values(18, 'BB');
insert into country (id, name) values(19, 'BY');
insert into country (id, name) values(20, 'BE');
insert into country (id, name) values(21, 'BZ');
insert into country (id, name) values(22, 'BJ');
insert into country (id, name) values(23, 'BM');
insert into country (id, name) values(24, 'BT');
insert into country (id, name) values(25, 'BO');
insert into country (id, name) values(26, 'BA');
insert into country (id, name) values(27, 'BW');
insert into country (id, name) values(28, 'BR');
insert into country (id, name) values(29, 'IO');
insert into country (id, name) values(30, 'VG');
insert into country (id, name) values(31, 'BN');
insert into country (id, name) values(32, 'BG');
insert into country (id, name) values(33, 'BF');
insert into country (id, name) values(34, 'BI');
insert into country (id, name) values(35, 'KH');
insert into country (id, name) values(36, 'CM');
insert into country (id, name) values(37, 'CA');
insert into country (id, name) values(38, 'CV');
insert into country (id, name) values(39, 'KY');
insert into country (id, name) values(40, 'CF');
insert into country (id, name) values(41, 'TD');
insert into country (id, name) values(42, 'CL');
insert into country (id, name) values(43, 'CN');
insert into country (id, name) values(44, 'CX');
insert into country (id, name) values(45, 'CC');
insert into country (id, name) values(46, 'CO');
insert into country (id, name) values(47, 'KM');
insert into country (id, name) values(48, 'CK');
insert into country (id, name) values(49, 'CR');
insert into country (id, name) values(50, 'HR');
insert into country (id, name) values(51, 'CU');
insert into country (id, name) values(52, 'CW');
insert into country (id, name) values(53, 'CY');
insert into country (id, name) values(54, 'CZ');
insert into country (id, name) values(55, 'CD');
insert into country (id, name) values(56, 'DK');
insert into country (id, name) values(57, 'DJ');
insert into country (id, name) values(58, 'DM');
insert into country (id, name) values(59, 'DO');
insert into country (id, name) values(60, 'TL');
insert into country (id, name) values(61, 'EC');
insert into country (id, name) values(62, 'EG');
insert into country (id, name) values(63, 'SV');
insert into country (id, name) values(64, 'GQ');
insert into country (id, name) values(65, 'ER');
insert into country (id, name) values(66, 'EE');
insert into country (id, name) values(67, 'ET');
insert into country (id, name) values(68, 'FK');
insert into country (id, name) values(69, 'FO');
insert into country (id, name) values(70, 'FJ');
insert into country (id, name) values(71, 'FI');
insert into country (id, name) values(72, 'FR');
insert into country (id, name) values(73, 'PF');
insert into country (id, name) values(74, 'GA');
insert into country (id, name) values(75, 'GM');
insert into country (id, name) values(76, 'GE');
insert into country (id, name) values(77, 'DE');
insert into country (id, name) values(78, 'GH');
insert into country (id, name) values(79, 'GI');
insert into country (id, name) values(80, 'GR');
insert into country (id, name) values(81, 'GL');
insert into country (id, name) values(82, 'GD');
insert into country (id, name) values(83, 'GU');
insert into country (id, name) values(84, 'GT');
insert into country (id, name) values(85, 'GG');
insert into country (id, name) values(86, 'GN');
insert into country (id, name) values(87, 'GW');
insert into country (id, name) values(88, 'GY');
insert into country (id, name) values(89, 'HT');
insert into country (id, name) values(90, 'HN');
insert into country (id, name) values(91, 'HK');
insert into country (id, name) values(92, 'HU');
insert into country (id, name) values(93, 'IS');
insert into country (id, name) values(94, 'IN');
insert into country (id, name) values(95, 'ID');
insert into country (id, name) values(96, 'IR');
insert into country (id, name) values(97, 'IQ');
insert into country (id, name) values(98, 'IE');
insert into country (id, name) values(99, 'IM');
insert into country (id, name) values(100, 'IL');
insert into country (id, name) values(101, 'IT');
insert into country (id, name) values(102, 'CI');
insert into country (id, name) values(103, 'JM');
insert into country (id, name) values(104, 'JP');
insert into country (id, name) values(105, 'JE');
insert into country (id, name) values(106, 'JO');
insert into country (id, name) values(107, 'KZ');
insert into country (id, name) values(108, 'KE');
insert into country (id, name) values(109, 'KI');
insert into country (id, name) values(110, 'XK');
insert into country (id, name) values(111, 'KW');
insert into country (id, name) values(112, 'KG');
insert into country (id, name) values(113, 'LA');
insert into country (id, name) values(114, 'LV');
insert into country (id, name) values(115, 'LB');
insert into country (id, name) values(116, 'LS');
insert into country (id, name) values(117, 'LR');
insert into country (id, name) values(118, 'LY');
insert into country (id, name) values(119, 'LI');
insert into country (id, name) values(120, 'LT');
insert into country (id, name) values(121, 'LU');
insert into country (id, name) values(122, 'MO');
insert into country (id, name) values(123, 'MK');
insert into country (id, name) values(124, 'MG');
insert into country (id, name) values(125, 'MW');
insert into country (id, name) values(126, 'MY');
insert into country (id, name) values(127, 'MV');
insert into country (id, name) values(128, 'ML');
insert into country (id, name) values(129, 'MT');
insert into country (id, name) values(130, 'MH');
insert into country (id, name) values(131, 'MR');
insert into country (id, name) values(132, 'MU');
insert into country (id, name) values(133, 'YT');
insert into country (id, name) values(134, 'MX');
insert into country (id, name) values(135, 'FM');
insert into country (id, name) values(136, 'MD');
insert into country (id, name) values(137, 'MC');
insert into country (id, name) values(138, 'MN');
insert into country (id, name) values(139, 'ME');
insert into country (id, name) values(140, 'MS');
insert into country (id, name) values(141, 'MA');
insert into country (id, name) values(142, 'MZ');
insert into country (id, name) values(143, 'MM');
insert into country (id, name) values(144, 'NA');
insert into country (id, name) values(145, 'NR');
insert into country (id, name) values(146, 'NP');
insert into country (id, name) values(147, 'NL');
insert into country (id, name) values(148, 'AN');
insert into country (id, name) values(149, 'NC');
insert into country (id, name) values(150, 'NZ');
insert into country (id, name) values(151, 'NI');
insert into country (id, name) values(152, 'NE');
insert into country (id, name) values(153, 'NG');
insert into country (id, name) values(154, 'NU');
insert into country (id, name) values(155, 'KP');
insert into country (id, name) values(156, 'MP');
insert into country (id, name) values(157, 'NO');
insert into country (id, name) values(158, 'OM');
insert into country (id, name) values(159, 'PK');
insert into country (id, name) values(160, 'PW');
insert into country (id, name) values(161, 'PS');
insert into country (id, name) values(162, 'PA');
insert into country (id, name) values(163, 'PG');
insert into country (id, name) values(164, 'PY');
insert into country (id, name) values(165, 'PE');
insert into country (id, name) values(166, 'PH');
insert into country (id, name) values(167, 'PN');
insert into country (id, name) values(168, 'PL');
insert into country (id, name) values(169, 'PT');
insert into country (id, name) values(170, 'PR');
insert into country (id, name) values(171, 'QA');
insert into country (id, name) values(172, 'CG');
insert into country (id, name) values(173, 'RE');
insert into country (id, name) values(174, 'RO');
insert into country (id, name) values(175, 'RU');
insert into country (id, name) values(176, 'RW');
insert into country (id, name) values(177, 'BL');
insert into country (id, name) values(178, 'SH');
insert into country (id, name) values(179, 'KN');
insert into country (id, name) values(180, 'LC');
insert into country (id, name) values(181, 'MF');
insert into country (id, name) values(182, 'PM');
insert into country (id, name) values(183, 'VC');
insert into country (id, name) values(184, 'WS');
insert into country (id, name) values(185, 'SM');
insert into country (id, name) values(186, 'ST');
insert into country (id, name) values(187, 'SA');
insert into country (id, name) values(188, 'SN');
insert into country (id, name) values(189, 'RS');
insert into country (id, name) values(190, 'SC');
insert into country (id, name) values(191, 'SL');
insert into country (id, name) values(192, 'SG');
insert into country (id, name) values(193, 'SX');
insert into country (id, name) values(194, 'SK');
insert into country (id, name) values(195, 'SI');
insert into country (id, name) values(196, 'SB');
insert into country (id, name) values(197, 'SO');
insert into country (id, name) values(198, 'ZA');
insert into country (id, name) values(199, 'KR');
insert into country (id, name) values(200, 'SS');
insert into country (id, name) values(201, 'ES');
insert into country (id, name) values(202, 'LK');
insert into country (id, name) values(203, 'SD');
insert into country (id, name) values(204, 'SR');
insert into country (id, name) values(205, 'SJ');
insert into country (id, name) values(206, 'SZ');
insert into country (id, name) values(207, 'SE');
insert into country (id, name) values(208, 'CH');
insert into country (id, name) values(209, 'SY');
insert into country (id, name) values(210, 'TW');
insert into country (id, name) values(211, 'TJ');
insert into country (id, name) values(212, 'TZ');
insert into country (id, name) values(213, 'TH');
insert into country (id, name) values(214, 'TG');
insert into country (id, name) values(215, 'TK');
insert into country (id, name) values(216, 'TO');
insert into country (id, name) values(217, 'TT');
insert into country (id, name) values(218, 'TN');
insert into country (id, name) values(219, 'TR');
insert into country (id, name) values(220, 'TM');
insert into country (id, name) values(221, 'TC');
insert into country (id, name) values(222, 'TV');
insert into country (id, name) values(223, 'VI');
insert into country (id, name) values(224, 'UG');
insert into country (id, name) values(225, 'UA');
insert into country (id, name) values(226, 'AE');
insert into country (id, name) values(227, 'GB');
insert into country (id, name) values(228, 'US');
insert into country (id, name) values(229, 'UY');
insert into country (id, name) values(230, 'UZ');
insert into country (id, name) values(231, 'VU');
insert into country (id, name) values(232, 'VA');
insert into country (id, name) values(233, 'VE');
insert into country (id, name) values(234, 'VN');
insert into country (id, name) values(235, 'WF');
insert into country (id, name) values(236, 'EH');
insert into country (id, name) values(237, 'YE');
insert into country (id, name) values(238, 'ZM');
insert into country (id, name) values(239, 'ZW');


insert into "user" (id, email, username, name, phone_number, photo_path, is_deleted, is_admin, country_id, creation_date) values (1, 'admin@projectkick.org', 'admin', 'admin', '530-993-3891', 1, false, true, 115, '2019-11-17 16:13:30');
insert into "user" (id, email, username, name, phone_number, photo_path, is_deleted, is_admin, country_id, creation_date) values (2, 'ballbones1@wordpress.org', 'ballbones1', 'Brook Allbones', '816-608-3578', 2, false, false, 37, '2019-10-26 07:27:19');
insert into "user" (id, email, username, name, phone_number, photo_path, is_deleted, is_admin, country_id, creation_date) values (3, 'sdanton2@usatoday.com', 'sdanton2', 'Slade Danton', '142-765-2351', 3, false, false, 122, '2019-09-22 10:41:09');
insert into "user" (id, email, username, name, phone_number, photo_path, is_deleted, is_admin, country_id, creation_date) values (4, 'jellaway3@redcross.org', 'jellaway3', 'Jessee Ellaway', '678-985-1700', 4, false, false, 156, '2019-06-02 21:18:28');
insert into "user" (id, email, username, name, phone_number, photo_path, is_deleted, is_admin, country_id, creation_date) values (5, 'krawne4@e-recht24.de', 'krawne4', 'Kenyon Rawne', '182-460-7971', 5, false, false, 73, '2019-07-31 20:48:40');
insert into "user" (id, email, username, name, phone_number, photo_path, is_deleted, is_admin, country_id, creation_date) values (6, 'kgiddy5@hp.com', 'kgiddy5', 'Karim Giddy', '225-207-4741', 6, false, false, 75, '2019-12-06 23:33:38');
insert into "user" (id, email, username, name, phone_number, photo_path, is_deleted, is_admin, country_id, creation_date) values (7, 'amacwhan6@bizjournals.com', 'amacwhan6', 'Ailbert MacWhan', '523-274-4175', 7, false, false, 68, '2020-02-27 16:42:36');
insert into "user" (id, email, username, name, phone_number, photo_path, is_deleted, is_admin, country_id, creation_date) values (8, 'dnairne7@smh.com.au', 'dnairne7', 'Derril Nairne', '595-280-0511', 8, false, false, 43, '2020-02-09 13:37:37');
insert into "user" (id, email, username, name, phone_number, photo_path, is_deleted, is_admin, country_id, creation_date) values (9, 'ymuff8@posterous.com', 'ymuff8', 'Yetty Muff', '829-157-2514', 9, false, false, 108, '2019-05-16 15:27:06');
insert into "user" (id, email, username, name, phone_number, photo_path, is_deleted, is_admin, country_id, creation_date) values (10, 'dcoleborn9@nsw.gov.au', 'dcoleborn9', 'Derron Coleborn', '844-548-5858', 10, false, false, 72, '2020-01-28 01:43:19');
insert into "user" (id, email, username, name, phone_number, photo_path, is_deleted, is_admin, country_id, creation_date) values (11, 'sbernardoa@nasa.gov', 'sbernardoa', 'Sybila Bernardo', '760-100-3405', 11, false, false, 123, '2020-03-15 20:47:18');
insert into "user" (id, email, username, name, phone_number, photo_path, is_deleted, is_admin, country_id, creation_date) values (12, 'mkenawayb@census.gov', 'mkenawayb', 'Mirabelle Kenaway', '729-471-1578', 12, false, false, 79, '2019-07-01 07:20:12');
insert into "user" (id, email, username, name, phone_number, photo_path, is_deleted, is_admin, country_id, creation_date) values (13, 'bkempstonec@discovery.com', 'bkempstonec', 'Brooks Kempstone', '954-501-2679', 13, false, false, 78, '2019-09-01 05:42:46');
insert into "user" (id, email, username, name, phone_number, photo_path, is_deleted, is_admin, country_id, creation_date) values (14, 'jdavidoud@privacy.gov.au', 'jdavidoud', 'Jesus Davidou', '760-841-7111', 14, false, false, 115, '2019-05-12 07:41:40');
insert into "user" (id, email, username, name, phone_number, photo_path, is_deleted, is_admin, country_id, creation_date) values (15, 'rtilneye@ameblo.jp', 'rtilneye', 'Rudolf Tilney', '859-992-0957', 15, false, false, 41, '2019-12-08 06:37:28');
insert into "user" (id, email, username, name, phone_number, photo_path, is_deleted, is_admin, country_id, creation_date) values (16, 'gtrembleyf@usda.gov', 'gtrembleyf', 'Garwin Trembley', '265-850-1143', 16, false, false, 101, '2019-09-28 10:50:20');
insert into "user" (id, email, username, name, phone_number, photo_path, is_deleted, is_admin, country_id, creation_date) values (17, 'shattrickg@mac.com', 'shattrickg', 'Stan Hattrick', '362-627-8902', 17, false, false, 189, '2019-08-16 21:34:53');
insert into "user" (id, email, username, name, phone_number, photo_path, is_deleted, is_admin, country_id, creation_date) values (18, 'wjukesh@mac.com', 'wjukesh', 'Wayne Jukes', '176-272-9939', 18, false, false, 103, '2019-12-19 04:01:52');
insert into "user" (id, email, username, name, phone_number, photo_path, is_deleted, is_admin, country_id, creation_date) values (19, 'ckochlini@webeden.co.uk', 'ckochlini', 'Cooper Kochlin', '280-641-1058', 19, false, false, 191, '2019-10-04 13:33:37');
insert into "user" (id, email, username, name, phone_number, photo_path, is_deleted, is_admin, country_id, creation_date) values (20, 'jbutchersj@lycos.com', 'jbutchersj', 'Janaya Butchers', '786-485-1787', 20, false, false, 141, '2019-04-03 23:01:59');
insert into "user" (id, email, username, name, phone_number, photo_path, is_deleted, is_admin, country_id, creation_date) values (21, 'ijeeksk@yandex.ru', 'ijeeksk', 'Inga Jeeks', '652-669-7948', 21, false, false, 93, '2019-04-21 06:49:51');
insert into "user" (id, email, username, name, phone_number, photo_path, is_deleted, is_admin, country_id, creation_date) values (22, 'agagesl@wufoo.com', 'agagesl', 'Alexine Gages', '538-962-2653', 22, false, false, 61, '2019-06-13 16:24:38');
insert into "user" (id, email, username, name, phone_number, photo_path, is_deleted, is_admin, country_id, creation_date) values (23, 'darnoldsm@ocn.ne.jp', 'darnoldsm', 'Davin Arnolds', '924-539-8468', 23, false, false, 149, '2019-04-02 17:50:58');
insert into "user" (id, email, username, name, phone_number, photo_path, is_deleted, is_admin, country_id, creation_date) values (24, 'lgillion@addtoany.com', 'lgillion', 'Leupold Gillio', '227-918-1265', 24, true, false, 114, '2019-08-24 16:47:21');
insert into "user" (id, email, username, name, phone_number, photo_path, is_deleted, is_admin, country_id, creation_date) values (25, 'drooko@goodreads.com', 'drooko', 'Donelle Rook', '770-967-6786', 25, false, false, 12, '2019-06-29 23:24:58');
insert into "user" (id, email, username, name, phone_number, photo_path, is_deleted, is_admin, country_id, creation_date) values (26, 'kpaulleyp@ycombinator.com', 'kpaulleyp', 'Krispin Paulley', '210-326-8886', 26, false, false, 125, '2020-03-06 21:05:57');
insert into "user" (id, email, username, name, phone_number, photo_path, is_deleted, is_admin, country_id, creation_date) values (27, 'ehuieq@engadget.com', 'ehuieq', 'Emma Huie', '803-373-7573', 27, false, false, 79, '2019-04-09 02:39:18');
insert into "user" (id, email, username, name, phone_number, photo_path, is_deleted, is_admin, country_id, creation_date) values (28, 'jtarbornr@blogs.com', 'jtarbornr', 'Jen Tarborn', '196-899-1141', 28, true, false, 28, '2020-01-18 14:05:45');
insert into "user" (id, email, username, name, phone_number, photo_path, is_deleted, is_admin, country_id, creation_date) values (29, 'mferronets@gnu.org', 'mferronets', 'Misha Ferronet', '104-829-1132', 29, false, false, 163, '2019-08-05 06:39:09');
insert into "user" (id, email, username, name, phone_number, photo_path, is_deleted, is_admin, country_id, creation_date) values (30, 'cdahlbackt@shinystat.com', 'cdahlbackt', 'Clare Dahlback', '203-858-0236', 30, false, false, 34, '2019-05-23 00:10:20');

insert into project (id, name, description, creation_date, finish_date, author_id) values (1, 'Zaam-Dox', 'Fusce consequat. Nulla nisl. Nunc nisl.', '2023-01-08 06:33:51', '2023-06-02 17:39:06', 3);
insert into project (id, name, description, creation_date, finish_date, author_id) values (2, 'Voyatouch', 'Maecenas ut massa quis augue luctus tincidunt. Nulla mollis molestie lorem. Quisque ut erat.

Curabitur gravida nisi at nibh. In hac habitasse platea dictumst. Aliquam augue quam, sollicitudin vitae, consectetuer eget, rutrum at, lorem.

Integer tincidunt ante vel ipsum. Praesent blandit lacinia erat. Vestibulum sed magna at nunc commodo placerat.', '2022-09-26 23:24:23', null, 11);
insert into project (id, name, description, creation_date, finish_date, author_id) values (3, 'Fintone', 'In congue. Etiam justo. Etiam pretium iaculis justo.

In hac habitasse platea dictumst. Etiam faucibus cursus urna. Ut tellus.

Nulla ut erat id mauris vulputate elementum. Nullam varius. Nulla facilisi.', '2022-10-07 15:30:19', '2023-11-23 04:19:41', 14);
insert into project (id, name, description, creation_date, finish_date, author_id) values (4, 'Mat Lam Tam', '', '2022-07-15 19:38:26', null, 13);
insert into project (id, name, description, creation_date, finish_date, author_id) values (5, 'Stronghold', 'Suspendisse potenti. In eleifend quam a odio. In hac habitasse platea dictumst.

Maecenas ut massa quis augue luctus tincidunt. Nulla mollis molestie lorem. Quisque ut erat.

Curabitur gravida nisi at nibh. In hac habitasse platea dictumst. Aliquam augue quam, sollicitudin vitae, consectetuer eget, rutrum at, lorem.', '2022-06-09 14:50:13', null, 29);
insert into project (id, name, description, creation_date, finish_date, author_id) values (6, 'Greenlam', '', '2021-12-23 11:29:24', null, 14);
insert into project (id, name, description, creation_date, finish_date, author_id) values (7, 'Stringtough', '', '2022-09-13 23:39:09', null, 11);
insert into project (id, name, description, creation_date, finish_date, author_id) values (8, 'Treeflex', 'Proin leo odio, porttitor id, consequat in, consequat ut, nulla. Sed accumsan felis. Ut at dolor quis odio consequat varius.

Integer ac leo. Pellentesque ultrices mattis odio. Donec vitae nisi.

Nam ultrices, libero non mattis pulvinar, nulla pede ullamcorper augue, a suscipit nulla elit ac nulla. Sed vel enim sit amet nunc viverra dapibus. Nulla suscipit ligula in lacus.', '2021-04-17 17:16:04', '2024-06-23 04:06:38', 15);
insert into project (id, name, description, creation_date, finish_date, author_id) values (9, 'Home Ing', 'Sed ante. Vivamus tortor. Duis mattis egestas metus.

Aenean fermentum. Donec ut mauris eget massa tempor convallis. Nulla neque libero, convallis eget, eleifend luctus, ultricies eu, nibh.', '2022-05-14 04:31:31', '2023-03-29 14:57:14', 6);
insert into project (id, name, description, creation_date, finish_date, author_id) values (10, 'Konklux', 'Aenean fermentum. Donec ut mauris eget massa tempor convallis. Nulla neque libero, convallis eget, eleifend luctus, ultricies eu, nibh.

Quisque id justo sit amet sapien dignissim vestibulum. Vestibulum ante ipsum primis in faucibus orci luctus et ultrices posuere cubilia Curae; Nulla dapibus dolor vel est. Donec odio justo, sollicitudin ut, suscipit a, feugiat et, eros.', '2021-04-13 02:32:27', '2023-12-25 03:34:24', 5);
insert into project (id, name, description, creation_date, finish_date, author_id) values (11, 'Trippledex', 'Curabitur in libero ut massa volutpat convallis. Morbi odio odio, elementum eu, interdum eu, tincidunt in, leo. Maecenas pulvinar lobortis est.

Phasellus sit amet erat. Nulla tempus. Vivamus in felis eu sapien cursus vestibulum.

Proin eu mi. Nulla ac enim. In tempor, turpis nec euismod scelerisque, quam turpis adipiscing lorem, vitae mattis nibh ligula nec sem.', '2022-07-04 12:01:08', null, 14);
insert into project (id, name, description, creation_date, finish_date, author_id) values (12, 'Cookley', 'Praesent id massa id nisl venenatis lacinia. Aenean sit amet justo. Morbi ut odio.', '2023-02-26 00:34:34', '2023-08-20 12:35:09', 30);
insert into project (id, name, description, creation_date, finish_date, author_id) values (13, 'Bigtax', '', '2021-08-16 01:43:15', null, 3);
insert into project (id, name, description, creation_date, finish_date, author_id) values (14, 'Lotlux', 'Integer ac leo. Pellentesque ultrices mattis odio. Donec vitae nisi.

Nam ultrices, libero non mattis pulvinar, nulla pede ullamcorper augue, a suscipit nulla elit ac nulla. Sed vel enim sit amet nunc viverra dapibus. Nulla suscipit ligula in lacus.

Curabitur at ipsum ac tellus semper interdum. Mauris ullamcorper purus sit amet nulla. Quisque arcu libero, rutrum ac, lobortis vel, dapibus at, diam.', '2022-10-20 15:07:03', '2024-05-11 18:49:41', 16);
insert into project (id, name, description, creation_date, finish_date, author_id) values (15, 'Gembucket', 'Curabitur gravida nisi at nibh. In hac habitasse platea dictumst. Aliquam augue quam, sollicitudin vitae, consectetuer eget, rutrum at, lorem.', '2021-06-08 10:26:46', '2023-05-25 08:27:46', 23);
insert into project (id, name, description, creation_date, finish_date, author_id) values (16, 'Biodex', 'Curabitur in libero ut massa volutpat convallis. Morbi odio odio, elementum eu, interdum eu, tincidunt in, leo. Maecenas pulvinar lobortis est.', '2021-09-27 14:49:52', '2024-01-10 00:25:29', 10);
insert into project (id, name, description, creation_date, finish_date, author_id) values (17, 'Prodder', '', '2022-01-13 11:57:11', null, 1);
insert into project (id, name, description, creation_date, finish_date, author_id) values (18, 'Stringtough', '', '2023-02-19 11:44:23', '2023-12-09 19:53:12', 26);
insert into project (id, name, description, creation_date, finish_date, author_id) values (19, 'Zoolab', 'Sed sagittis. Nam congue, risus semper porta volutpat, quam pede lobortis ligula, sit amet eleifend pede libero quis orci. Nullam molestie nibh in lectus.

Pellentesque at nulla. Suspendisse potenti. Cras in purus eu magna vulputate luctus.

Cum sociis natoque penatibus et magnis dis parturient montes, nascetur ridiculus mus. Vivamus vestibulum sagittis sapien. Cum sociis natoque penatibus et magnis dis parturient montes, nascetur ridiculus mus.', '2021-11-02 10:40:52', null, 12);
insert into project (id, name, description, creation_date, finish_date, author_id) values (20, 'Y-Solowarm', 'Suspendisse potenti. In eleifend quam a odio. In hac habitasse platea dictumst.

Maecenas ut massa quis augue luctus tincidunt. Nulla mollis molestie lorem. Quisque ut erat.', '2022-02-04 23:38:30', '2025-02-15 20:58:34', 14);
insert into project (id, name, description, creation_date, finish_date, author_id) values (21, 'Bitchip', 'In hac habitasse platea dictumst. Morbi vestibulum, velit id pretium iaculis, diam erat fermentum justo, nec condimentum neque sapien placerat ante. Nulla justo.

Aliquam quis turpis eget elit sodales scelerisque. Mauris sit amet eros. Suspendisse accumsan tortor quis turpis.

Sed ante. Vivamus tortor. Duis mattis egestas metus.', '2021-08-21 19:34:28', null, 6);
insert into project (id, name, description, creation_date, finish_date, author_id) values (22, 'Gembucket', '', '2021-06-01 10:57:07', '2025-02-13 14:04:46', 10);
insert into project (id, name, description, creation_date, finish_date, author_id) values (23, 'Bamity', 'Aliquam quis turpis eget elit sodales scelerisque. Mauris sit amet eros. Suspendisse accumsan tortor quis turpis.', '2021-05-29 18:51:22', '2023-09-29 17:08:10', 29);
insert into project (id, name, description, creation_date, finish_date, author_id) values (24, 'Fixflex', 'Phasellus in felis. Donec semper sapien a libero. Nam dui.

Proin leo odio, porttitor id, consequat in, consequat ut, nulla. Sed accumsan felis. Ut at dolor quis odio consequat varius.', '2022-01-14 08:28:30', null, 13);
insert into project (id, name, description, creation_date, finish_date, author_id) values (25, 'Tresom', 'Duis aliquam convallis nunc. Proin at turpis a pede posuere nonummy. Integer non velit.', '2022-08-16 19:02:43', '2024-05-10 03:20:08', 11);
insert into project (id, name, description, creation_date, finish_date, author_id) values (26, 'Veribet', 'Proin leo odio, porttitor id, consequat in, consequat ut, nulla. Sed accumsan felis. Ut at dolor quis odio consequat varius.

Integer ac leo. Pellentesque ultrices mattis odio. Donec vitae nisi.', '2022-07-29 10:48:46', '2023-05-09 20:21:43', 19);
insert into project (id, name, description, creation_date, finish_date, author_id) values (27, 'Opela', '', '2022-01-09 03:49:02', null, 1);
insert into project (id, name, description, creation_date, finish_date, author_id) values (28, 'Konklux', 'Duis bibendum, felis sed interdum venenatis, turpis enim blandit mi, in porttitor pede justo eu massa. Donec dapibus. Duis at velit eu est congue elementum.', '2021-12-29 18:51:41', null, 1);
insert into project (id, name, description, creation_date, finish_date, author_id) values (29, 'It', 'Morbi non lectus. Aliquam sit amet diam in magna bibendum imperdiet. Nullam orci pede, venenatis non, sodales sed, tincidunt eu, felis.

Fusce posuere felis sed lacus. Morbi sem mauris, laoreet ut, rhoncus aliquet, pulvinar sed, nisl. Nunc rhoncus dui vel sem.', '2021-06-18 21:14:40', null, 26);
insert into project (id, name, description, creation_date, finish_date, author_id) values (30, 'Mat Lam Tam', 'In congue. Etiam justo. Etiam pretium iaculis justo.', '2022-05-06 20:12:09', null, 2);
insert into project (id, name, description, creation_date, finish_date, author_id) values (31, 'Tres-Zap', 'Sed sagittis. Nam congue, risus semper porta volutpat, quam pede lobortis ligula, sit amet eleifend pede libero quis orci. Nullam molestie nibh in lectus.

Pellentesque at nulla. Suspendisse potenti. Cras in purus eu magna vulputate luctus.

Cum sociis natoque penatibus et magnis dis parturient montes, nascetur ridiculus mus. Vivamus vestibulum sagittis sapien. Cum sociis natoque penatibus et magnis dis parturient montes, nascetur ridiculus mus.', '2023-03-02 14:59:35', null, 1);
insert into project (id, name, description, creation_date, finish_date, author_id) values (32, 'Daltfresh', 'Suspendisse potenti. In eleifend quam a odio. In hac habitasse platea dictumst.', '2022-07-17 05:37:27', '2023-06-17 13:36:46', 4);
insert into project (id, name, description, creation_date, finish_date, author_id) values (33, 'Solarbreeze', 'Maecenas tristique, est et tempus semper, est quam pharetra magna, ac consequat metus sapien ut nunc. Vestibulum ante ipsum primis in faucibus orci luctus et ultrices posuere cubilia Curae; Mauris viverra diam vitae quam. Suspendisse potenti.

Nullam porttitor lacus at turpis. Donec posuere metus vitae ipsum. Aliquam non mauris.', '2022-03-14 00:04:33', null, 29);
insert into project (id, name, description, creation_date, finish_date, author_id) values (34, 'Voltsillam', 'Quisque id justo sit amet sapien dignissim vestibulum. Vestibulum ante ipsum primis in faucibus orci luctus et ultrices posuere cubilia Curae; Nulla dapibus dolor vel est. Donec odio justo, sollicitudin ut, suscipit a, feugiat et, eros.

Vestibulum ac est lacinia nisi venenatis tristique. Fusce congue, diam id ornare imperdiet, sapien urna pretium nisl, ut volutpat sapien arcu sed augue. Aliquam erat volutpat.', '2022-05-21 19:25:52', null, 19);
insert into project (id, name, description, creation_date, finish_date, author_id) values (35, 'Latlux', 'Aliquam quis turpis eget elit sodales scelerisque. Mauris sit amet eros. Suspendisse accumsan tortor quis turpis.

Sed ante. Vivamus tortor. Duis mattis egestas metus.', '2021-12-12 07:37:42', '2024-10-07 00:31:26', 4);
insert into project (id, name, description, creation_date, finish_date, author_id) values (36, 'Namfix', 'Quisque porta volutpat erat. Quisque erat eros, viverra eget, congue eget, semper rutrum, nulla. Nunc purus.

Phasellus in felis. Donec semper sapien a libero. Nam dui.

Proin leo odio, porttitor id, consequat in, consequat ut, nulla. Sed accumsan felis. Ut at dolor quis odio consequat varius.', '2022-02-01 22:31:25', '2024-01-16 07:52:26', 20);
insert into project (id, name, description, creation_date, finish_date, author_id) values (37, 'Zathin', 'In hac habitasse platea dictumst. Etiam faucibus cursus urna. Ut tellus.

Nulla ut erat id mauris vulputate elementum. Nullam varius. Nulla facilisi.', '2022-05-06 16:11:32', null, 26);
insert into project (id, name, description, creation_date, finish_date, author_id) values (38, 'Gembucket', 'Praesent blandit. Nam nulla. Integer pede justo, lacinia eget, tincidunt eget, tempus vel, pede.

Morbi porttitor lorem id ligula. Suspendisse ornare consequat lectus. In est risus, auctor sed, tristique in, tempus sit amet, sem.', '2021-12-27 21:52:21', '2024-04-21 18:09:28', 21);
insert into project (id, name, description, creation_date, finish_date, author_id) values (39, 'Tin', 'Phasellus in felis. Donec semper sapien a libero. Nam dui.', '2022-10-09 22:41:25', null, 3);
insert into project (id, name, description, creation_date, finish_date, author_id) values (40, 'Gembucket', '', '2022-12-10 07:20:09', null, 7);
insert into project (id, name, description, creation_date, finish_date, author_id) values (41, 'Quo Lux', '', '2022-02-05 11:55:24', '2024-05-01 10:57:06', 26);
insert into project (id, name, description, creation_date, finish_date, author_id) values (42, 'Home Ing', 'Integer tincidunt ante vel ipsum. Praesent blandit lacinia erat. Vestibulum sed magna at nunc commodo placerat.

Praesent blandit. Nam nulla. Integer pede justo, lacinia eget, tincidunt eget, tempus vel, pede.

Morbi porttitor lorem id ligula. Suspendisse ornare consequat lectus. In est risus, auctor sed, tristique in, tempus sit amet, sem.', '2022-07-21 11:00:51', null, 20);
insert into project (id, name, description, creation_date, finish_date, author_id) values (43, 'Toughjoyfax', '', '2021-12-05 17:12:21', null, 28);
insert into project (id, name, description, creation_date, finish_date, author_id) values (44, 'Andalax', 'Curabitur at ipsum ac tellus semper interdum. Mauris ullamcorper purus sit amet nulla. Quisque arcu libero, rutrum ac, lobortis vel, dapibus at, diam.', '2022-07-23 06:30:39', '2025-01-06 20:33:33', 7);
insert into project (id, name, description, creation_date, finish_date, author_id) values (45, 'Bitwolf', '', '2021-05-16 16:49:08', null, 3);
insert into project (id, name, description, creation_date, finish_date, author_id) values (46, 'Tampflex', 'Cum sociis natoque penatibus et magnis dis parturient montes, nascetur ridiculus mus. Vivamus vestibulum sagittis sapien. Cum sociis natoque penatibus et magnis dis parturient montes, nascetur ridiculus mus.

Etiam vel augue. Vestibulum rutrum rutrum neque. Aenean auctor gravida sem.', '2022-11-19 09:32:36', '2023-05-22 07:52:01', 30);
insert into project (id, name, description, creation_date, finish_date, author_id) values (47, 'Tempsoft', 'Vestibulum quam sapien, varius ut, blandit non, interdum in, ante. Vestibulum ante ipsum primis in faucibus orci luctus et ultrices posuere cubilia Curae; Duis faucibus accumsan odio. Curabitur convallis.', '2022-04-02 13:01:16', null, 5);
insert into project (id, name, description, creation_date, finish_date, author_id) values (48, 'Hatity', 'Integer ac leo. Pellentesque ultrices mattis odio. Donec vitae nisi.', '2023-03-16 04:07:43', '2023-10-11 11:25:41', 27);
insert into project (id, name, description, creation_date, finish_date, author_id) values (49, 'Voyatouch', 'Aenean lectus. Pellentesque eget nunc. Donec quis orci eget orci vehicula condimentum.', '2023-01-30 06:12:36', '2023-12-22 02:52:28', 24);
insert into project (id, name, description, creation_date, finish_date, author_id) values (50, 'Flexidy', '', '2022-03-07 10:31:20', '2025-01-07 13:32:16', 20);




insert into member_status (id, role, entrance_date, departure_date, user_id, project_id) values (1, 'coordinator', '2020-01-15 02:39:32', null, 8, 34);
insert into member_status (id, role, entrance_date, departure_date, user_id, project_id) values (2, 'developer', '2020-01-02 22:45:05', null, 18, 27);
insert into member_status (id, role, entrance_date, departure_date, user_id, project_id) values (3, 'developer', '2020-03-27 09:49:57', null, 19, 13);
insert into member_status (id, role, entrance_date, departure_date, user_id, project_id) values (4, 'developer', '2020-02-21 09:42:47', null, 18, 16);
insert into member_status (id, role, entrance_date, departure_date, user_id, project_id) values (5, 'developer', '2019-05-02 04:55:18', '2022-04-23 04:32:29', 23, 2);
insert into member_status (id, role, entrance_date, departure_date, user_id, project_id) values (6, 'developer', '2020-03-26 01:37:53', '2022-10-26 12:49:16', 27, 11);
insert into member_status (id, role, entrance_date, departure_date, user_id, project_id) values (7, 'developer', '2019-09-15 11:45:14', '2022-02-07 17:31:49', 12, 15);
insert into member_status (id, role, entrance_date, departure_date, user_id, project_id) values (8, 'developer', '2020-03-10 12:34:39', null, 25, 14);
insert into member_status (id, role, entrance_date, departure_date, user_id, project_id) values (9, 'developer', '2020-03-22 03:38:40', '2021-06-25 07:32:47', 24, 50);
insert into member_status (id, role, entrance_date, departure_date, user_id, project_id) values (10, 'developer', '2019-09-03 06:58:43', null, 29, 23);
insert into member_status (id, role, entrance_date, departure_date, user_id, project_id) values (11, 'developer', '2019-12-10 14:32:42', null, 24, 31);
insert into member_status (id, role, entrance_date, departure_date, user_id, project_id) values (12, 'coordinator', '2020-03-27 15:27:17', null, 14, 27);
insert into member_status (id, role, entrance_date, departure_date, user_id, project_id) values (13, 'developer', '2019-07-14 07:05:20', null, 17, 38);
insert into member_status (id, role, entrance_date, departure_date, user_id, project_id) values (14, 'developer', '2020-01-08 13:51:51', '2021-05-02 01:24:40', 10, 40);
insert into member_status (id, role, entrance_date, departure_date, user_id, project_id) values (15, 'developer', '2019-05-19 20:19:58', '2022-05-01 04:41:09', 8, 33);
insert into member_status (id, role, entrance_date, departure_date, user_id, project_id) values (16, 'developer', '2019-05-13 08:55:08', '2021-10-06 11:52:42', 2, 15);
insert into member_status (id, role, entrance_date, departure_date, user_id, project_id) values (17, 'developer', '2019-10-16 17:22:08', '2022-03-06 02:16:28', 2, 1);
insert into member_status (id, role, entrance_date, departure_date, user_id, project_id) values (18, 'developer', '2020-02-15 08:29:28', '2022-03-06 02:25:38', 21, 29);
insert into member_status (id, role, entrance_date, departure_date, user_id, project_id) values (19, 'developer', '2020-03-16 03:46:01', '2021-09-05 00:20:50', 29, 1);
insert into member_status (id, role, entrance_date, departure_date, user_id, project_id) values (20, 'developer', '2019-09-25 20:08:28', null, 15, 17);
insert into member_status (id, role, entrance_date, departure_date, user_id, project_id) values (21, 'developer', '2019-04-21 10:43:56', null, 27, 49);
insert into member_status (id, role, entrance_date, departure_date, user_id, project_id) values (22, 'developer', '2019-09-07 14:40:25', '2022-12-06 13:38:32', 15, 12);
insert into member_status (id, role, entrance_date, departure_date, user_id, project_id) values (23, 'developer', '2019-08-25 11:08:16', null, 3, 8);
insert into member_status (id, role, entrance_date, departure_date, user_id, project_id) values (24, 'coordinator', '2019-10-28 23:30:43', '2022-09-03 07:06:09', 28, 46);
insert into member_status (id, role, entrance_date, departure_date, user_id, project_id) values (25, 'coordinator', '2019-11-18 21:33:22', null, 20, 25);
insert into member_status (id, role, entrance_date, departure_date, user_id, project_id) values (26, 'developer', '2020-01-27 09:27:15', '2022-11-13 10:17:07', 23, 50);
insert into member_status (id, role, entrance_date, departure_date, user_id, project_id) values (27, 'developer', '2019-09-15 18:13:47', null, 19, 7);
insert into member_status (id, role, entrance_date, departure_date, user_id, project_id) values (28, 'developer', '2020-01-01 18:15:47', null, 7, 33);
insert into member_status (id, role, entrance_date, departure_date, user_id, project_id) values (29, 'developer', '2019-08-05 20:41:34', '2023-01-24 21:57:48', 18, 26);
insert into member_status (id, role, entrance_date, departure_date, user_id, project_id) values (30, 'developer', '2020-02-29 03:37:58', '2023-02-03 14:46:32', 24, 35);
insert into member_status (id, role, entrance_date, departure_date, user_id, project_id) values (31, 'coordinator', '2019-07-26 07:34:50', null, 19, 8);
insert into member_status (id, role, entrance_date, departure_date, user_id, project_id) values (32, 'developer', '2019-10-03 00:15:38', null, 23, 9);
insert into member_status (id, role, entrance_date, departure_date, user_id, project_id) values (33, 'coordinator', '2019-06-24 21:28:20', null, 2, 35);
insert into member_status (id, role, entrance_date, departure_date, user_id, project_id) values (34, 'developer', '2019-07-13 17:57:30', null, 28, 18);
insert into member_status (id, role, entrance_date, departure_date, user_id, project_id) values (35, 'coordinator', '2019-10-20 06:36:01', null, 20, 20);
insert into member_status (id, role, entrance_date, departure_date, user_id, project_id) values (36, 'developer', '2019-12-30 21:57:01', null, 19, 29);
insert into member_status (id, role, entrance_date, departure_date, user_id, project_id) values (37, 'developer', '2019-03-28 01:23:40', null, 28, 14);
insert into member_status (id, role, entrance_date, departure_date, user_id, project_id) values (38, 'developer', '2020-01-25 13:00:44', null, 7, 4);
insert into member_status (id, role, entrance_date, departure_date, user_id, project_id) values (39, 'developer', '2019-09-08 07:03:58', '2021-11-25 05:04:10', 13, 26);
insert into member_status (id, role, entrance_date, departure_date, user_id, project_id) values (40, 'developer', '2020-01-11 15:04:26', null, 12, 47);
insert into member_status (id, role, entrance_date, departure_date, user_id, project_id) values (41, 'developer', '2019-06-28 19:21:10', '2023-02-26 23:41:56', 10, 19);
insert into member_status (id, role, entrance_date, departure_date, user_id, project_id) values (42, 'developer', '2020-03-26 03:46:50', '2022-08-14 21:12:49', 24, 42);
insert into member_status (id, role, entrance_date, departure_date, user_id, project_id) values (43, 'coordinator', '2019-11-16 22:54:14', null, 21, 33);
insert into member_status (id, role, entrance_date, departure_date, user_id, project_id) values (44, 'developer', '2019-07-23 07:44:29', null, 11, 40);
insert into member_status (id, role, entrance_date, departure_date, user_id, project_id) values (45, 'developer', '2019-05-16 08:37:50', null, 19, 1);
insert into member_status (id, role, entrance_date, departure_date, user_id, project_id) values (46, 'coordinator', '2019-10-01 08:49:29', '2022-12-21 16:59:16', 27, 4);
insert into member_status (id, role, entrance_date, departure_date, user_id, project_id) values (47, 'developer', '2019-11-07 18:42:19', '2021-09-24 01:15:02', 13, 24);
insert into member_status (id, role, entrance_date, departure_date, user_id, project_id) values (48, 'coordinator', '2020-02-03 01:47:54', '2023-03-08 18:54:26', 14, 13);
insert into member_status (id, role, entrance_date, departure_date, user_id, project_id) values (49, 'developer', '2019-06-24 16:37:20', '2022-01-21 14:35:40', 13, 29);
insert into member_status (id, role, entrance_date, departure_date, user_id, project_id) values (50, 'developer', '2019-12-01 04:38:04', null, 21, 50);
insert into member_status (id, role, entrance_date, departure_date, user_id, project_id) values (51, 'developer', '2019-12-31 12:24:15', null, 8, 33);
insert into member_status (id, role, entrance_date, departure_date, user_id, project_id) values (52, 'coordinator', '2019-07-14 05:11:58', null, 13, 4);
insert into member_status (id, role, entrance_date, departure_date, user_id, project_id) values (53, 'developer', '2019-09-20 03:58:39', '2022-03-10 22:21:33', 19, 49);
insert into member_status (id, role, entrance_date, departure_date, user_id, project_id) values (54, 'coordinator', '2020-03-17 11:26:01', '2021-07-13 16:35:08', 29, 38);
insert into member_status (id, role, entrance_date, departure_date, user_id, project_id) values (55, 'developer', '2019-12-13 14:57:42', '2023-02-24 12:44:55', 21, 2);
insert into member_status (id, role, entrance_date, departure_date, user_id, project_id) values (56, 'coordinator', '2019-12-16 03:04:43', null, 29, 9);
insert into member_status (id, role, entrance_date, departure_date, user_id, project_id) values (57, 'developer', '2019-04-03 02:11:53', '2021-08-31 05:29:33', 11, 44);
insert into member_status (id, role, entrance_date, departure_date, user_id, project_id) values (58, 'developer', '2019-10-18 12:30:13', null, 23, 37);
insert into member_status (id, role, entrance_date, departure_date, user_id, project_id) values (59, 'developer', '2019-09-07 06:27:46', '2021-04-12 17:56:25', 23, 30);
insert into member_status (id, role, entrance_date, departure_date, user_id, project_id) values (60, 'developer', '2019-06-17 07:53:32', '2021-10-06 03:16:28', 12, 48);
insert into member_status (id, role, entrance_date, departure_date, user_id, project_id) values (61, 'coordinator', '2019-10-05 22:57:02', '2022-03-31 22:40:19', 2, 18);
insert into member_status (id, role, entrance_date, departure_date, user_id, project_id) values (62, 'coordinator', '2020-03-06 06:31:15', '2022-08-11 23:57:52', 21, 34);
insert into member_status (id, role, entrance_date, departure_date, user_id, project_id) values (63, 'coordinator', '2019-08-26 18:09:02', null, 30, 15);
insert into member_status (id, role, entrance_date, departure_date, user_id, project_id) values (64, 'developer', '2019-12-19 18:02:46', '2022-04-29 11:01:40', 29, 31);
insert into member_status (id, role, entrance_date, departure_date, user_id, project_id) values (65, 'developer', '2019-12-14 06:46:10', '2021-06-26 08:27:11', 7, 34);
insert into member_status (id, role, entrance_date, departure_date, user_id, project_id) values (66, 'developer', '2019-09-09 20:22:13', '2021-11-06 22:26:16', 23, 6);
insert into member_status (id, role, entrance_date, departure_date, user_id, project_id) values (67, 'developer', '2019-05-12 13:04:51', null, 8, 48);
insert into member_status (id, role, entrance_date, departure_date, user_id, project_id) values (68, 'developer', '2019-05-06 14:06:27', '2023-03-04 13:47:47', 19, 6);
insert into member_status (id, role, entrance_date, departure_date, user_id, project_id) values (69, 'developer', '2020-03-26 09:19:11', '2022-01-01 06:52:43', 17, 41);
insert into member_status (id, role, entrance_date, departure_date, user_id, project_id) values (70, 'developer', '2019-07-31 07:40:14', null, 3, 36);
insert into member_status (id, role, entrance_date, departure_date, user_id, project_id) values (71, 'developer', '2019-08-22 02:45:06', '2021-05-27 02:26:27', 20, 35);
insert into member_status (id, role, entrance_date, departure_date, user_id, project_id) values (72, 'developer', '2020-01-14 20:27:28', null, 6, 48);
insert into member_status (id, role, entrance_date, departure_date, user_id, project_id) values (73, 'developer', '2019-08-27 07:02:50', '2022-05-20 08:03:41', 12, 35);
insert into member_status (id, role, entrance_date, departure_date, user_id, project_id) values (74, 'coordinator', '2019-12-06 02:58:39', null, 12, 20);
insert into member_status (id, role, entrance_date, departure_date, user_id, project_id) values (75, 'developer', '2019-12-02 02:32:17', null, 27, 18);
insert into member_status (id, role, entrance_date, departure_date, user_id, project_id) values (76, 'coordinator', '2020-01-26 18:43:47', '2022-10-11 00:14:04', 17, 7);
insert into member_status (id, role, entrance_date, departure_date, user_id, project_id) values (77, 'developer', '2019-12-22 16:54:25', '2022-03-11 20:32:55', 14, 36);
insert into member_status (id, role, entrance_date, departure_date, user_id, project_id) values (78, 'developer', '2020-01-13 22:57:26', null, 7, 10);
insert into member_status (id, role, entrance_date, departure_date, user_id, project_id) values (79, 'developer', '2019-07-22 13:07:43', null, 15, 22);
insert into member_status (id, role, entrance_date, departure_date, user_id, project_id) values (80, 'developer', '2019-06-22 15:53:00', null, 3, 9);
insert into member_status (id, role, entrance_date, departure_date, user_id, project_id) values (81, 'coordinator', '2020-02-13 19:20:28', '2021-05-28 08:20:39', 14, 8);
insert into member_status (id, role, entrance_date, departure_date, user_id, project_id) values (82, 'developer', '2019-04-06 14:39:26', null, 28, 3);
insert into member_status (id, role, entrance_date, departure_date, user_id, project_id) values (83, 'developer', '2019-05-14 14:39:55', '2021-07-30 04:14:06', 24, 7);
insert into member_status (id, role, entrance_date, departure_date, user_id, project_id) values (84, 'coordinator', '2019-10-11 17:04:01', null, 19, 17);
insert into member_status (id, role, entrance_date, departure_date, user_id, project_id) values (85, 'developer', '2020-02-19 07:55:45', null, 16, 37);
insert into member_status (id, role, entrance_date, departure_date, user_id, project_id) values (86, 'developer', '2020-01-27 17:10:34', '2023-02-13 11:38:04', 9, 23);
insert into member_status (id, role, entrance_date, departure_date, user_id, project_id) values (87, 'coordinator', '2019-12-29 14:16:33', '2023-02-09 05:22:14', 17, 9);
insert into member_status (id, role, entrance_date, departure_date, user_id, project_id) values (88, 'developer', '2020-01-11 09:28:57', null, 6, 12);
insert into member_status (id, role, entrance_date, departure_date, user_id, project_id) values (89, 'coordinator', '2020-01-18 20:15:15', '2022-11-25 16:30:39', 5, 15);
insert into member_status (id, role, entrance_date, departure_date, user_id, project_id) values (90, 'developer', '2019-10-14 02:28:44', null, 19, 6);
insert into member_status (id, role, entrance_date, departure_date, user_id, project_id) values (91, 'developer', '2020-02-07 07:58:51', null, 29, 11);
insert into member_status (id, role, entrance_date, departure_date, user_id, project_id) values (92, 'coordinator', '2019-10-11 22:20:31', '2022-09-26 09:26:21', 19, 41);
insert into member_status (id, role, entrance_date, departure_date, user_id, project_id) values (93, 'coordinator', '2019-05-26 09:52:31', null, 24, 7);
insert into member_status (id, role, entrance_date, departure_date, user_id, project_id) values (94, 'developer', '2020-03-02 00:43:38', '2021-10-19 04:45:18', 8, 14);
insert into member_status (id, role, entrance_date, departure_date, user_id, project_id) values (95, 'developer', '2019-04-12 02:10:15', '2021-10-03 20:54:04', 12, 30);
insert into member_status (id, role, entrance_date, departure_date, user_id, project_id) values (96, 'coordinator', '2019-12-10 06:54:39', '2022-12-21 12:38:42', 23, 20);
insert into member_status (id, role, entrance_date, departure_date, user_id, project_id) values (97, 'developer', '2020-02-16 01:59:05', null, 12, 19);
insert into member_status (id, role, entrance_date, departure_date, user_id, project_id) values (98, 'coordinator', '2020-01-19 16:22:19', '2022-06-25 10:28:30', 7, 14);
insert into member_status (id, role, entrance_date, departure_date, user_id, project_id) values (99, 'coordinator', '2019-05-29 15:27:38', '2023-03-03 11:56:28', 21, 17);
insert into member_status (id, role, entrance_date, departure_date, user_id, project_id) values (100, 'developer', '2019-05-12 08:16:11', '2021-09-16 09:37:50', 6, 9);


insert into issue_list (id, name, project_id) values (1, 'quis turpis sed', 39);
insert into issue_list (id, name, project_id) values (2, 'nulla mollis', 23);
insert into issue_list (id, name, project_id) values (3, 'quisque', 47);
insert into issue_list (id, name, project_id) values (4, 'blandit lacinia erat', 46);
insert into issue_list (id, name, project_id) values (5, 'morbi vestibulum velit', 44);
insert into issue_list (id, name, project_id) values (6, 'integer', 23);
insert into issue_list (id, name, project_id) values (7, 'in', 38);
insert into issue_list (id, name, project_id) values (8, 'eu', 49);
insert into issue_list (id, name, project_id) values (9, 'parturient montes', 37);
insert into issue_list (id, name, project_id) values (10, 'rhoncus mauris enim', 5);
insert into issue_list (id, name, project_id) values (11, 'sapien non mi', 33);
insert into issue_list (id, name, project_id) values (12, 'tortor risus dapibus', 35);
insert into issue_list (id, name, project_id) values (13, 'purus', 10);
insert into issue_list (id, name, project_id) values (14, 'a', 47);
insert into issue_list (id, name, project_id) values (15, 'ut nunc vestibulum', 18);
insert into issue_list (id, name, project_id) values (16, 'viverra', 5);
insert into issue_list (id, name, project_id) values (17, 'leo', 36);
insert into issue_list (id, name, project_id) values (18, 'convallis', 6);
insert into issue_list (id, name, project_id) values (19, 'porttitor', 40);
insert into issue_list (id, name, project_id) values (20, 'quam sollicitudin vitae', 17);
insert into issue_list (id, name, project_id) values (21, 'lobortis ligula sit', 17);
insert into issue_list (id, name, project_id) values (22, 'dolor', 6);
insert into issue_list (id, name, project_id) values (23, 'risus dapibus augue', 28);
insert into issue_list (id, name, project_id) values (24, 'in sapien iaculis', 48);
insert into issue_list (id, name, project_id) values (25, 'enim leo rhoncus', 37);
insert into issue_list (id, name, project_id) values (26, 'ut erat id', 1);
insert into issue_list (id, name, project_id) values (27, 'est donec', 48);
insert into issue_list (id, name, project_id) values (28, 'fusce posuere felis', 41);
insert into issue_list (id, name, project_id) values (29, 'justo', 20);
insert into issue_list (id, name, project_id) values (30, 'eget nunc donec', 13);
insert into issue_list (id, name, project_id) values (31, 'orci', 2);
insert into issue_list (id, name, project_id) values (32, 'massa id', 4);
insert into issue_list (id, name, project_id) values (33, 'etiam faucibus', 22);
insert into issue_list (id, name, project_id) values (34, 'pede', 19);
insert into issue_list (id, name, project_id) values (35, 'sit', 37);
insert into issue_list (id, name, project_id) values (36, 'ut at', 49);
insert into issue_list (id, name, project_id) values (37, 'et', 17);
insert into issue_list (id, name, project_id) values (38, 'magna vestibulum', 9);
insert into issue_list (id, name, project_id) values (39, 'metus aenean fermentum', 7);
insert into issue_list (id, name, project_id) values (40, 'sed', 28);
insert into issue_list (id, name, project_id) values (41, 'blandit', 20);
insert into issue_list (id, name, project_id) values (42, 'lectus vestibulum', 20);
insert into issue_list (id, name, project_id) values (43, 'neque', 35);
insert into issue_list (id, name, project_id) values (44, 'eu magna vulputate', 38);
insert into issue_list (id, name, project_id) values (45, 'blandit', 39);
insert into issue_list (id, name, project_id) values (46, 'vestibulum', 44);
insert into issue_list (id, name, project_id) values (47, 'amet consectetuer', 35);
insert into issue_list (id, name, project_id) values (48, 'lorem integer', 38);
insert into issue_list (id, name, project_id) values (49, 'ut', 34);
insert into issue_list (id, name, project_id) values (50, 'diam erat fermentum', 19);
insert into issue_list (id, name, project_id) values (51, 'in hac', 50);
insert into issue_list (id, name, project_id) values (52, 'donec pharetra', 39);
insert into issue_list (id, name, project_id) values (53, 'convallis nunc proin', 1);
insert into issue_list (id, name, project_id) values (54, 'et', 19);
insert into issue_list (id, name, project_id) values (55, 'luctus et', 4);
insert into issue_list (id, name, project_id) values (56, 'ridiculus mus', 15);
insert into issue_list (id, name, project_id) values (57, 'et magnis', 50);
insert into issue_list (id, name, project_id) values (58, 'ipsum', 28);
insert into issue_list (id, name, project_id) values (59, 'vestibulum', 37);
insert into issue_list (id, name, project_id) values (60, 'sed lacus morbi', 50);
insert into issue_list (id, name, project_id) values (61, 'proin', 21);
insert into issue_list (id, name, project_id) values (62, 'ac', 10);
insert into issue_list (id, name, project_id) values (63, 'sagittis', 1);
insert into issue_list (id, name, project_id) values (64, 'natoque penatibus', 2);
insert into issue_list (id, name, project_id) values (65, 'rutrum rutrum', 5);
insert into issue_list (id, name, project_id) values (66, 'consequat', 15);
insert into issue_list (id, name, project_id) values (67, 'vitae nisl aenean', 47);
insert into issue_list (id, name, project_id) values (68, 'nibh in hac', 44);
insert into issue_list (id, name, project_id) values (69, 'hac habitasse platea', 24);
insert into issue_list (id, name, project_id) values (70, 'curae nulla dapibus', 39);
insert into issue_list (id, name, project_id) values (71, 'ligula sit', 26);
insert into issue_list (id, name, project_id) values (72, 'condimentum id', 46);
insert into issue_list (id, name, project_id) values (73, 'eleifend', 9);
insert into issue_list (id, name, project_id) values (74, 'amet', 3);
insert into issue_list (id, name, project_id) values (75, 'vestibulum proin eu', 46);
insert into issue_list (id, name, project_id) values (76, 'sed justo', 2);
insert into issue_list (id, name, project_id) values (77, 'mattis odio', 16);
insert into issue_list (id, name, project_id) values (78, 'nulla', 48);
insert into issue_list (id, name, project_id) values (79, 'in', 26);
insert into issue_list (id, name, project_id) values (80, 'sed', 2);
insert into issue_list (id, name, project_id) values (81, 'sapien cursus', 7);
insert into issue_list (id, name, project_id) values (82, 'venenatis non sodales', 30);
insert into issue_list (id, name, project_id) values (83, 'dolor', 39);
insert into issue_list (id, name, project_id) values (84, 'quis turpis', 28);
insert into issue_list (id, name, project_id) values (85, 'curabitur', 45);
insert into issue_list (id, name, project_id) values (86, 'ut nunc vestibulum', 6);
insert into issue_list (id, name, project_id) values (87, 'dis', 50);
insert into issue_list (id, name, project_id) values (88, 'ipsum praesent', 29);
insert into issue_list (id, name, project_id) values (89, 'donec', 5);
insert into issue_list (id, name, project_id) values (90, 'montes nascetur ridiculus', 24);
insert into issue_list (id, name, project_id) values (91, 'ut', 23);
insert into issue_list (id, name, project_id) values (92, 'adipiscing', 12);
insert into issue_list (id, name, project_id) values (93, 'vestibulum ac', 19);
insert into issue_list (id, name, project_id) values (94, 'eu magna', 44);
insert into issue_list (id, name, project_id) values (95, 'orci luctus et', 48);
insert into issue_list (id, name, project_id) values (96, 'enim lorem ipsum', 14);
insert into issue_list (id, name, project_id) values (97, 'varius integer ac', 1);
insert into issue_list (id, name, project_id) values (98, 'nibh in', 50);
insert into issue_list (id, name, project_id) values (99, 'in faucibus orci', 15);
insert into issue_list (id, name, project_id) values (100, 'facilisi cras non', 41);

insert into issue (id, name, description, creation_date, due_date, is_completed, issue_list_id, author_id, complete_id) values (1, 'est', 'condimentum curabitur in libero ut massa', '2019-09-07 23:22:02', null, false, 31, 21, null);
insert into issue (id, name, description, creation_date, due_date, is_completed, issue_list_id, author_id, complete_id) values (2, 'ut massa volutpat', 'orci luctus et ultrices', '2019-05-20 02:03:53', null, true, 20, 14, 19);
insert into issue (id, name, description, creation_date, due_date, is_completed, issue_list_id, author_id, complete_id) values (3, 'dictumst etiam faucibus', 'luctus et ultrices posuere cubilia curae nulla', '2019-08-07 15:12:05', null, true, 28, 10, 22);
insert into issue (id, name, description, creation_date, due_date, is_completed, issue_list_id, author_id, complete_id) values (4, 'purus aliquet at', 'tortor quis turpis sed', '2019-07-17 01:43:29', null, true, 29, 11, 25);
insert into issue (id, name, description, creation_date, due_date, is_completed, issue_list_id, author_id, complete_id) values (5, 'cursus id', 'mauris vulputate elementum nullam varius nulla', '2019-12-18 15:09:11', null, true, 9, 17, 13);
insert into issue (id, name, description, creation_date, due_date, is_completed, issue_list_id, author_id, complete_id) values (6, 'iaculis justo', 'volutpat eleifend donec ut dolor morbi vel lectus', '2019-08-18 01:33:09', null, false, 45, 21, null);
insert into issue (id, name, description, creation_date, due_date, is_completed, issue_list_id, author_id, complete_id) values (7, 'sociis', 'amet eros suspendisse accumsan tortor quis', '2020-03-09 04:27:37', null, false, 14, 28, null);
insert into issue (id, name, description, creation_date, due_date, is_completed, issue_list_id, author_id, complete_id) values (8, 'convallis tortor risus', 'in felis donec semper sapien a libero', '2020-02-29 05:08:27', null, true, 74, 9, 29);
insert into issue (id, name, description, creation_date, due_date, is_completed, issue_list_id, author_id, complete_id) values (9, 'odio', 'nisl nunc nisl duis', '2020-03-09 15:47:37', null, true, 43, 16, 27);
insert into issue (id, name, description, creation_date, due_date, is_completed, issue_list_id, author_id, complete_id) values (10, 'ante', 'donec quis orci eget orci', '2020-02-27 16:48:27', null, true, 30, 6, 4);
insert into issue (id, name, description, creation_date, due_date, is_completed, issue_list_id, author_id, complete_id) values (11, 'ante', 'volutpat eleifend donec ut dolor', '2019-07-28 12:05:32', null, false, 7, 13, null);
insert into issue (id, name, description, creation_date, due_date, is_completed, issue_list_id, author_id, complete_id) values (12, 'convallis morbi odio', 'porttitor pede justo eu massa donec dapibus duis', '2020-01-02 19:01:13', null, true, 17, 23, 12);
insert into issue (id, name, description, creation_date, due_date, is_completed, issue_list_id, author_id, complete_id) values (13, 'pulvinar sed nisl', 'dapibus at diam', '2019-06-01 15:00:32', null, true, 73, 5, 22);
insert into issue (id, name, description, creation_date, due_date, is_completed, issue_list_id, author_id, complete_id) values (14, 'dui vel', 'sit amet sapien dignissim', '2019-08-04 13:47:49', null, false, 69, 1, null);
insert into issue (id, name, description, creation_date, due_date, is_completed, issue_list_id, author_id, complete_id) values (15, 'rutrum neque aenean', 'donec posuere metus vitae ipsum aliquam non', '2019-09-10 05:52:30', null, false, 92, 24, null);
insert into issue (id, name, description, creation_date, due_date, is_completed, issue_list_id, author_id, complete_id) values (16, 'phasellus', 'elementum nullam varius nulla facilisi cras non velit', '2019-10-27 14:46:49', null, true, 54, 2, 24);
insert into issue (id, name, description, creation_date, due_date, is_completed, issue_list_id, author_id, complete_id) values (17, 'quisque porta volutpat', 'et magnis dis parturient montes', '2019-05-15 07:18:39', null, true, 52, 13, 9);
insert into issue (id, name, description, creation_date, due_date, is_completed, issue_list_id, author_id, complete_id) values (18, 'nam', 'purus phasellus in', '2019-12-12 00:28:07', null, true, 81, 14, 16);
insert into issue (id, name, description, creation_date, due_date, is_completed, issue_list_id, author_id, complete_id) values (19, 'ultrices vel augue', 'massa volutpat convallis morbi odio odio elementum eu', '2019-12-19 02:02:14', null, true, 92, 2, 9);
insert into issue (id, name, description, creation_date, due_date, is_completed, issue_list_id, author_id, complete_id) values (20, 'nam tristique tortor', 'semper porta volutpat quam pede lobortis ligula', '2020-03-18 00:16:37', null, false, 1, 2, null);
insert into issue (id, name, description, creation_date, due_date, is_completed, issue_list_id, author_id, complete_id) values (21, 'nam dui proin', 'purus sit amet nulla quisque arcu libero rutrum', '2019-04-27 19:52:13', null, true, 32, 26, 4);
insert into issue (id, name, description, creation_date, due_date, is_completed, issue_list_id, author_id, complete_id) values (22, 'sit amet', 'dui luctus rutrum', '2019-06-25 23:39:25', null, true, 52, 22, 11);
insert into issue (id, name, description, creation_date, due_date, is_completed, issue_list_id, author_id, complete_id) values (23, 'tristique', 'tortor quis turpis sed ante vivamus', '2020-03-22 07:12:17', null, false, 4, 3, null);
insert into issue (id, name, description, creation_date, due_date, is_completed, issue_list_id, author_id, complete_id) values (24, 'semper sapien', 'nulla mollis molestie lorem quisque ut erat', '2019-11-16 15:00:35', null, true, 82, 5, 7);
insert into issue (id, name, description, creation_date, due_date, is_completed, issue_list_id, author_id, complete_id) values (25, 'lobortis ligula', 'ipsum ac tellus semper interdum mauris ullamcorper', '2019-11-26 12:38:19', null, false, 33, 20, null);
insert into issue (id, name, description, creation_date, due_date, is_completed, issue_list_id, author_id, complete_id) values (26, 'elementum nullam', 'convallis morbi odio odio', '2020-02-15 05:41:23', null, false, 52, 11, null);
insert into issue (id, name, description, creation_date, due_date, is_completed, issue_list_id, author_id, complete_id) values (27, 'tincidunt in', 'at dolor quis odio', '2019-10-08 00:26:32', null, true, 76, 28, 5);
insert into issue (id, name, description, creation_date, due_date, is_completed, issue_list_id, author_id, complete_id) values (28, 'quis tortor id', 'semper rutrum nulla nunc purus phasellus', '2019-11-08 06:51:52', null, false, 67, 7, null);
insert into issue (id, name, description, creation_date, due_date, is_completed, issue_list_id, author_id, complete_id) values (29, 'integer ac', 'ante ipsum primis in faucibus', '2019-07-03 01:34:46', null, false, 46, 2, null);
insert into issue (id, name, description, creation_date, due_date, is_completed, issue_list_id, author_id, complete_id) values (30, 'integer ac leo', 'pellentesque eget nunc donec quis', '2019-12-10 11:54:18', null, false, 80, 15, null);
insert into issue (id, name, description, creation_date, due_date, is_completed, issue_list_id, author_id, complete_id) values (31, 'sodales scelerisque', 'odio justo sollicitudin ut suscipit a feugiat', '2020-01-27 22:27:56', null, true, 87, 1, 18);
insert into issue (id, name, description, creation_date, due_date, is_completed, issue_list_id, author_id, complete_id) values (32, 'dictumst maecenas', 'fusce congue diam id', '2020-01-14 20:18:42', null, false, 21, 16, null);
insert into issue (id, name, description, creation_date, due_date, is_completed, issue_list_id, author_id, complete_id) values (33, 'et magnis', 'ullamcorper purus sit amet nulla', '2019-10-08 22:36:53', null, false, 25, 12, null);
insert into issue (id, name, description, creation_date, due_date, is_completed, issue_list_id, author_id, complete_id) values (34, 'pretium nisl ut', 'felis donec semper sapien a libero nam dui', '2020-03-23 16:32:50', null, false, 34, 11, null);
insert into issue (id, name, description, creation_date, due_date, is_completed, issue_list_id, author_id, complete_id) values (35, 'quam turpis', 'iaculis diam erat', '2020-02-19 05:22:17', null, false, 34, 27, null);
insert into issue (id, name, description, creation_date, due_date, is_completed, issue_list_id, author_id, complete_id) values (36, 'consequat', 'justo sit amet sapien dignissim vestibulum vestibulum', '2020-02-13 10:29:44', null, true, 80, 30, 27);
insert into issue (id, name, description, creation_date, due_date, is_completed, issue_list_id, author_id, complete_id) values (37, 'in sapien', 'diam neque vestibulum eget', '2019-10-05 15:30:42', null, false, 41, 9, null);
insert into issue (id, name, description, creation_date, due_date, is_completed, issue_list_id, author_id, complete_id) values (38, 'nec euismod scelerisque', 'mi sit amet lobortis sapien', '2020-02-19 19:13:05', null, false, 48, 3, null);
insert into issue (id, name, description, creation_date, due_date, is_completed, issue_list_id, author_id, complete_id) values (39, 'nulla tempus', 'rutrum ac lobortis vel dapibus', '2020-03-28 03:22:50', null, false, 27, 27, null);
insert into issue (id, name, description, creation_date, due_date, is_completed, issue_list_id, author_id, complete_id) values (40, 'nibh', 'vel pede morbi', '2019-08-31 03:49:12', null, true, 1, 29, 11);
insert into issue (id, name, description, creation_date, due_date, is_completed, issue_list_id, author_id, complete_id) values (41, 'eu', 'fermentum donec ut mauris eget massa tempor convallis', '2020-01-05 20:51:46', null, true, 91, 10, 24);
insert into issue (id, name, description, creation_date, due_date, is_completed, issue_list_id, author_id, complete_id) values (42, 'leo pellentesque ultrices', 'vestibulum ante ipsum primis in faucibus orci', '2019-08-06 12:43:37', null, false, 81, 1, null);
insert into issue (id, name, description, creation_date, due_date, is_completed, issue_list_id, author_id, complete_id) values (43, 'justo sollicitudin', 'dui vel sem sed', '2019-04-07 08:03:46', null, false, 59, 12, null);
insert into issue (id, name, description, creation_date, due_date, is_completed, issue_list_id, author_id, complete_id) values (44, 'sollicitudin ut', 'vestibulum ante ipsum primis in faucibus orci luctus', '2020-01-10 15:10:17', null, true, 25, 10, 27);
insert into issue (id, name, description, creation_date, due_date, is_completed, issue_list_id, author_id, complete_id) values (45, 'tempus', 'orci luctus et', '2019-08-16 20:03:31', null, true, 12, 18, 14);
insert into issue (id, name, description, creation_date, due_date, is_completed, issue_list_id, author_id, complete_id) values (46, 'morbi non', 'eget elit sodales scelerisque', '2019-08-14 02:53:58', null, true, 92, 24, 20);
insert into issue (id, name, description, creation_date, due_date, is_completed, issue_list_id, author_id, complete_id) values (47, 'tincidunt ante', 'consequat nulla nisl nunc nisl duis bibendum felis', '2019-06-20 06:11:31', null, false, 78, 15, null);
insert into issue (id, name, description, creation_date, due_date, is_completed, issue_list_id, author_id, complete_id) values (48, 'vulputate luctus cum', 'proin eu mi nulla ac enim', '2019-11-15 11:37:38', null, true, 80, 26, 24);
insert into issue (id, name, description, creation_date, due_date, is_completed, issue_list_id, author_id, complete_id) values (49, 'massa id nisl', 'orci vehicula condimentum curabitur in libero ut massa', '2019-06-29 02:25:49', null, true, 19, 18, 13);
insert into issue (id, name, description, creation_date, due_date, is_completed, issue_list_id, author_id, complete_id) values (50, 'habitasse platea', 'velit donec diam neque vestibulum eget vulputate', '2019-06-16 21:57:38', null, false, 73, 12, null);
insert into issue (id, name, description, creation_date, due_date, is_completed, issue_list_id, author_id, complete_id) values (51, 'vulputate elementum nullam', 'eu magna vulputate luctus', '2019-09-20 14:11:43', null, false, 1, 26, null);
insert into issue (id, name, description, creation_date, due_date, is_completed, issue_list_id, author_id, complete_id) values (52, 'tortor eu', 'tortor quis turpis sed ante vivamus', '2020-03-09 07:36:52', null, false, 29, 20, null);
insert into issue (id, name, description, creation_date, due_date, is_completed, issue_list_id, author_id, complete_id) values (53, 'pellentesque volutpat dui', 'accumsan tortor quis turpis sed', '2019-10-17 00:17:30', null, false, 56, 23, null);
insert into issue (id, name, description, creation_date, due_date, is_completed, issue_list_id, author_id, complete_id) values (54, 'dictumst etiam faucibus', 'nulla sed accumsan', '2019-10-22 18:52:18', null, true, 54, 11, 16);
insert into issue (id, name, description, creation_date, due_date, is_completed, issue_list_id, author_id, complete_id) values (55, 'eget eros elementum', 'dis parturient montes nascetur', '2020-02-21 07:53:11', null, false, 92, 10, null);
insert into issue (id, name, description, creation_date, due_date, is_completed, issue_list_id, author_id, complete_id) values (56, 'elementum in', 'luctus rutrum nulla', '2020-03-08 04:44:21', null, true, 47, 12, 29);
insert into issue (id, name, description, creation_date, due_date, is_completed, issue_list_id, author_id, complete_id) values (57, 'est quam', 'vel nulla eget', '2019-04-03 01:14:20', null, true, 61, 4, 8);
insert into issue (id, name, description, creation_date, due_date, is_completed, issue_list_id, author_id, complete_id) values (58, 'elit', 'mauris vulputate elementum', '2019-12-22 18:00:43', null, false, 86, 18, null);
insert into issue (id, name, description, creation_date, due_date, is_completed, issue_list_id, author_id, complete_id) values (59, 'sed', 'in hac habitasse platea', '2019-07-12 14:10:15', null, false, 79, 13, null);
insert into issue (id, name, description, creation_date, due_date, is_completed, issue_list_id, author_id, complete_id) values (60, 'enim blandit mi', 'turpis sed ante vivamus tortor', '2020-01-30 04:59:08', null, false, 45, 4, null);
insert into issue (id, name, description, creation_date, due_date, is_completed, issue_list_id, author_id, complete_id) values (61, 'nulla', 'commodo vulputate justo in blandit', '2019-06-25 22:43:38', null, false, 13, 11, null);
insert into issue (id, name, description, creation_date, due_date, is_completed, issue_list_id, author_id, complete_id) values (62, 'tincidunt', 'nec dui luctus rutrum', '2019-10-28 18:50:41', null, true, 90, 6, 21);
insert into issue (id, name, description, creation_date, due_date, is_completed, issue_list_id, author_id, complete_id) values (63, 'cum sociis natoque', 'cursus urna ut tellus nulla', '2019-09-19 20:34:30', null, false, 40, 29, null);
insert into issue (id, name, description, creation_date, due_date, is_completed, issue_list_id, author_id, complete_id) values (64, 'pharetra', 'id lobortis convallis tortor risus dapibus', '2019-10-29 17:42:52', null, false, 6, 1, null);
insert into issue (id, name, description, creation_date, due_date, is_completed, issue_list_id, author_id, complete_id) values (65, 'nulla tellus in', 'lacus purus aliquet at feugiat non', '2020-02-12 21:13:54', null, true, 26, 27, 15);
insert into issue (id, name, description, creation_date, due_date, is_completed, issue_list_id, author_id, complete_id) values (66, 'mi in porttitor', 'a pede posuere nonummy integer non', '2019-06-25 19:39:36', null, false, 44, 5, null);
insert into issue (id, name, description, creation_date, due_date, is_completed, issue_list_id, author_id, complete_id) values (67, 'tellus nulla', 'ultrices aliquet maecenas leo', '2020-01-24 16:43:21', null, false, 27, 22, null);
insert into issue (id, name, description, creation_date, due_date, is_completed, issue_list_id, author_id, complete_id) values (68, 'primis in', 'ut at dolor quis odio consequat varius', '2019-12-14 07:12:31', null, true, 54, 23, 12);
insert into issue (id, name, description, creation_date, due_date, is_completed, issue_list_id, author_id, complete_id) values (69, 'at', 'mauris lacinia sapien quis libero nullam', '2020-03-03 06:55:31', null, true, 99, 4, 22);
insert into issue (id, name, description, creation_date, due_date, is_completed, issue_list_id, author_id, complete_id) values (70, 'velit vivamus vel', 'nisl nunc rhoncus dui', '2019-09-04 18:20:44', null, false, 58, 9, null);
insert into issue (id, name, description, creation_date, due_date, is_completed, issue_list_id, author_id, complete_id) values (71, 'id lobortis convallis', 'parturient montes nascetur', '2020-02-21 09:49:07', null, true, 81, 24, 2);
insert into issue (id, name, description, creation_date, due_date, is_completed, issue_list_id, author_id, complete_id) values (72, 'sapien quis', 'proin interdum mauris non ligula pellentesque ultrices', '2020-02-20 09:46:39', null, true, 19, 28, 13);
insert into issue (id, name, description, creation_date, due_date, is_completed, issue_list_id, author_id, complete_id) values (73, 'curae donec pharetra', 'potenti nullam porttitor lacus at turpis donec', '2019-08-15 10:03:48', null, true, 83, 16, 8);
insert into issue (id, name, description, creation_date, due_date, is_completed, issue_list_id, author_id, complete_id) values (74, 'pulvinar', 'at turpis a pede posuere nonummy', '2019-09-11 19:09:14', null, true, 85, 18, 8);
insert into issue (id, name, description, creation_date, due_date, is_completed, issue_list_id, author_id, complete_id) values (75, 'sed interdum', 'eleifend donec ut dolor morbi vel', '2019-12-15 08:32:42', null, true, 96, 21, 11);
insert into issue (id, name, description, creation_date, due_date, is_completed, issue_list_id, author_id, complete_id) values (76, 'quisque erat eros', 'habitasse platea dictumst maecenas ut massa quis', '2020-02-03 18:09:16', null, true, 14, 14, 6);
insert into issue (id, name, description, creation_date, due_date, is_completed, issue_list_id, author_id, complete_id) values (77, 'nulla dapibus dolor', 'magna bibendum imperdiet', '2019-04-03 07:24:58', null, false, 31, 10, null);
insert into issue (id, name, description, creation_date, due_date, is_completed, issue_list_id, author_id, complete_id) values (78, 'id ligula', 'mauris eget massa tempor', '2019-06-08 07:16:41', null, false, 85, 15, null);
insert into issue (id, name, description, creation_date, due_date, is_completed, issue_list_id, author_id, complete_id) values (79, 'elementum', 'quis tortor id nulla', '2020-01-12 03:34:09', null, false, 63, 25, null);
insert into issue (id, name, description, creation_date, due_date, is_completed, issue_list_id, author_id, complete_id) values (80, 'augue', 'scelerisque mauris sit', '2019-08-05 19:11:23', null, true, 35, 9, 6);
insert into issue (id, name, description, creation_date, due_date, is_completed, issue_list_id, author_id, complete_id) values (81, 'quis', 'amet diam in magna', '2019-07-18 01:19:22', null, false, 79, 3, null);
insert into issue (id, name, description, creation_date, due_date, is_completed, issue_list_id, author_id, complete_id) values (82, 'convallis tortor risus', 'nisl ut volutpat sapien', '2019-05-12 15:32:44', null, true, 55, 14, 25);
insert into issue (id, name, description, creation_date, due_date, is_completed, issue_list_id, author_id, complete_id) values (83, 'a nibh in', 'vel enim sit amet nunc viverra dapibus nulla', '2019-07-27 23:26:58', null, true, 24, 2, 6);
insert into issue (id, name, description, creation_date, due_date, is_completed, issue_list_id, author_id, complete_id) values (84, 'eu est congue', 'eleifend donec ut dolor morbi vel lectus', '2019-08-23 07:45:14', null, false, 88, 26, null);
insert into issue (id, name, description, creation_date, due_date, is_completed, issue_list_id, author_id, complete_id) values (85, 'ante vel', 'nisi venenatis tristique fusce', '2019-10-04 03:00:24', null, false, 83, 18, null);
insert into issue (id, name, description, creation_date, due_date, is_completed, issue_list_id, author_id, complete_id) values (86, 'erat vestibulum', 'ligula vehicula consequat morbi a ipsum integer', '2019-08-04 00:19:14', null, true, 14, 24, 7);
insert into issue (id, name, description, creation_date, due_date, is_completed, issue_list_id, author_id, complete_id) values (87, 'arcu', 'id ligula suspendisse ornare consequat lectus in', '2019-05-05 04:39:21', null, true, 73, 28, 5);
insert into issue (id, name, description, creation_date, due_date, is_completed, issue_list_id, author_id, complete_id) values (88, 'ut ultrices vel', 'ut blandit non interdum', '2019-08-21 13:35:24', null, false, 40, 24, null);
insert into issue (id, name, description, creation_date, due_date, is_completed, issue_list_id, author_id, complete_id) values (89, 'tellus', 'vestibulum sed magna at nunc commodo placerat praesent', '2020-02-07 08:21:12', null, true, 90, 8, 27);
insert into issue (id, name, description, creation_date, due_date, is_completed, issue_list_id, author_id, complete_id) values (90, 'platea dictumst aliquam', 'ipsum aliquam non mauris morbi non', '2019-11-16 15:58:22', null, true, 36, 3, 4);
insert into issue (id, name, description, creation_date, due_date, is_completed, issue_list_id, author_id, complete_id) values (91, 'rhoncus', 'tempor turpis nec euismod scelerisque', '2019-06-04 19:26:52', null, true, 91, 13, 2);
insert into issue (id, name, description, creation_date, due_date, is_completed, issue_list_id, author_id, complete_id) values (92, 'nam', 'lectus in est risus', '2019-07-19 23:21:36', null, true, 92, 19, 18);
insert into issue (id, name, description, creation_date, due_date, is_completed, issue_list_id, author_id, complete_id) values (93, 'pede posuere nonummy', 'curabitur at ipsum ac tellus semper interdum', '2019-05-02 12:10:56', null, true, 79, 23, 3);
insert into issue (id, name, description, creation_date, due_date, is_completed, issue_list_id, author_id, complete_id) values (94, 'et ultrices posuere', 'praesent lectus vestibulum quam sapien varius', '2019-08-29 11:34:27', null, true, 2, 30, 17);
insert into issue (id, name, description, creation_date, due_date, is_completed, issue_list_id, author_id, complete_id) values (95, 'pulvinar', 'ut erat id mauris vulputate elementum', '2019-09-19 07:09:32', null, false, 11, 15, null);
insert into issue (id, name, description, creation_date, due_date, is_completed, issue_list_id, author_id, complete_id) values (96, 'duis consequat dui', 'nibh in hac habitasse platea dictumst aliquam augue', '2020-03-07 02:18:59', null, true, 4, 21, 1);
insert into issue (id, name, description, creation_date, due_date, is_completed, issue_list_id, author_id, complete_id) values (97, 'a', 'sagittis sapien cum sociis natoque penatibus', '2020-03-06 20:55:47', null, false, 90, 1, null);
insert into issue (id, name, description, creation_date, due_date, is_completed, issue_list_id, author_id, complete_id) values (98, 'mauris viverra', 'gravida sem praesent id massa', '2019-05-22 19:15:58', null, false, 78, 17, null);
insert into issue (id, name, description, creation_date, due_date, is_completed, issue_list_id, author_id, complete_id) values (99, 'semper', 'lacinia eget tincidunt eget tempus vel pede morbi', '2019-09-25 23:59:35', null, true, 23, 6, 4);
insert into issue (id, name, description, creation_date, due_date, is_completed, issue_list_id, author_id, complete_id) values (100, 'risus', 'quam fringilla rhoncus mauris enim leo', '2019-05-14 21:02:26', null, false, 7, 22, null);
insert into issue (id, name, description, creation_date, due_date, is_completed, issue_list_id, author_id, complete_id) values (101, 'quam suspendisse', 'quisque id justo sit', '2019-12-22 09:34:48', null, true, 73, 6, 30);
insert into issue (id, name, description, creation_date, due_date, is_completed, issue_list_id, author_id, complete_id) values (102, 'sapien', 'proin leo odio porttitor id consequat in consequat', '2019-12-24 01:24:58', null, true, 23, 26, 13);
insert into issue (id, name, description, creation_date, due_date, is_completed, issue_list_id, author_id, complete_id) values (103, 'magnis dis parturient', 'justo morbi ut odio cras mi pede', '2020-01-23 05:23:21', null, true, 84, 5, 7);
insert into issue (id, name, description, creation_date, due_date, is_completed, issue_list_id, author_id, complete_id) values (104, 'consectetuer', 'vestibulum vestibulum ante ipsum primis in faucibus', '2019-11-11 22:26:34', null, false, 67, 14, null);
insert into issue (id, name, description, creation_date, due_date, is_completed, issue_list_id, author_id, complete_id) values (105, 'duis mattis', 'vehicula consequat morbi a ipsum', '2020-02-17 14:56:44', null, false, 92, 6, null);
insert into issue (id, name, description, creation_date, due_date, is_completed, issue_list_id, author_id, complete_id) values (106, 'erat', 'id consequat in consequat ut nulla sed', '2019-05-30 21:00:29', null, false, 49, 14, null);
insert into issue (id, name, description, creation_date, due_date, is_completed, issue_list_id, author_id, complete_id) values (107, 'ipsum', 'consequat ut nulla sed accumsan felis ut', '2019-10-13 00:37:01', null, false, 37, 29, null);
insert into issue (id, name, description, creation_date, due_date, is_completed, issue_list_id, author_id, complete_id) values (108, 'semper rutrum nulla', 'eget rutrum at lorem integer', '2020-01-25 19:38:44', null, false, 83, 21, null);
insert into issue (id, name, description, creation_date, due_date, is_completed, issue_list_id, author_id, complete_id) values (109, 'convallis eget', 'fringilla rhoncus mauris enim leo rhoncus', '2019-06-20 19:44:08', null, true, 14, 12, 8);
insert into issue (id, name, description, creation_date, due_date, is_completed, issue_list_id, author_id, complete_id) values (110, 'a', 'non interdum in ante vestibulum ante ipsum primis', '2019-09-13 19:43:42', null, true, 1, 27, 19);
insert into issue (id, name, description, creation_date, due_date, is_completed, issue_list_id, author_id, complete_id) values (111, 'lobortis', 'congue eget semper rutrum', '2020-01-31 02:58:17', null, true, 49, 30, 28);
insert into issue (id, name, description, creation_date, due_date, is_completed, issue_list_id, author_id, complete_id) values (112, 'ut at dolor', 'massa volutpat convallis morbi', '2019-12-13 01:27:45', null, true, 37, 7, 3);
insert into issue (id, name, description, creation_date, due_date, is_completed, issue_list_id, author_id, complete_id) values (113, 'sapien sapien', 'id massa id nisl venenatis', '2019-04-03 05:35:37', null, false, 6, 7, null);
insert into issue (id, name, description, creation_date, due_date, is_completed, issue_list_id, author_id, complete_id) values (114, 'hac habitasse', 'pretium quis lectus suspendisse', '2020-03-18 22:40:06', null, false, 61, 28, null);
insert into issue (id, name, description, creation_date, due_date, is_completed, issue_list_id, author_id, complete_id) values (115, 'gravida sem praesent', 'aenean lectus pellentesque eget nunc donec quis orci', '2019-12-17 04:10:57', null, false, 36, 13, null);
insert into issue (id, name, description, creation_date, due_date, is_completed, issue_list_id, author_id, complete_id) values (116, 'penatibus', 'nullam sit amet turpis elementum ligula vehicula', '2019-09-09 00:11:51', null, false, 4, 16, null);
insert into issue (id, name, description, creation_date, due_date, is_completed, issue_list_id, author_id, complete_id) values (117, 'ornare imperdiet', 'viverra dapibus nulla suscipit', '2019-09-09 04:40:05', null, false, 97, 16, null);
insert into issue (id, name, description, creation_date, due_date, is_completed, issue_list_id, author_id, complete_id) values (118, 'mus', 'lobortis convallis tortor risus', '2019-09-10 09:07:35', null, false, 65, 9, null);
insert into issue (id, name, description, creation_date, due_date, is_completed, issue_list_id, author_id, complete_id) values (119, 'quis justo maecenas', 'quis augue luctus', '2019-05-12 15:14:47', null, true, 90, 30, 27);
insert into issue (id, name, description, creation_date, due_date, is_completed, issue_list_id, author_id, complete_id) values (120, 'non interdum', 'luctus nec molestie sed justo', '2019-12-06 02:37:07', null, true, 49, 5, 21);
insert into issue (id, name, description, creation_date, due_date, is_completed, issue_list_id, author_id, complete_id) values (121, 'platea dictumst', 'aliquam erat volutpat in congue etiam justo', '2020-03-15 15:37:38', null, false, 68, 21, null);
insert into issue (id, name, description, creation_date, due_date, is_completed, issue_list_id, author_id, complete_id) values (122, 'cum sociis natoque', 'integer tincidunt ante vel', '2019-06-03 23:58:02', null, false, 20, 15, null);
insert into issue (id, name, description, creation_date, due_date, is_completed, issue_list_id, author_id, complete_id) values (123, 'nulla', 'aliquet massa id', '2019-08-31 08:58:10', null, false, 54, 13, null);
insert into issue (id, name, description, creation_date, due_date, is_completed, issue_list_id, author_id, complete_id) values (124, 'nisl duis ac', 'curae donec pharetra', '2019-11-11 19:27:31', null, true, 57, 10, 19);
insert into issue (id, name, description, creation_date, due_date, is_completed, issue_list_id, author_id, complete_id) values (125, 'dolor sit', 'sem mauris laoreet ut rhoncus aliquet pulvinar sed', '2019-07-24 04:12:15', null, false, 46, 8, null);
insert into issue (id, name, description, creation_date, due_date, is_completed, issue_list_id, author_id, complete_id) values (126, 'justo lacinia eget', 'etiam vel augue vestibulum rutrum rutrum neque aenean', '2019-09-27 06:02:41', null, false, 75, 1, null);
insert into issue (id, name, description, creation_date, due_date, is_completed, issue_list_id, author_id, complete_id) values (127, 'faucibus orci luctus', 'congue eget semper rutrum nulla nunc purus phasellus', '2019-06-23 13:14:03', null, true, 23, 11, 28);
insert into issue (id, name, description, creation_date, due_date, is_completed, issue_list_id, author_id, complete_id) values (128, 'a', 'curabitur convallis duis consequat', '2019-10-01 18:03:53', null, true, 93, 5, 6);
insert into issue (id, name, description, creation_date, due_date, is_completed, issue_list_id, author_id, complete_id) values (129, 'magnis dis', 'nulla sed vel enim sit', '2019-09-03 14:29:24', null, true, 12, 25, 28);
insert into issue (id, name, description, creation_date, due_date, is_completed, issue_list_id, author_id, complete_id) values (130, 'vivamus vestibulum', 'eros vestibulum ac est lacinia nisi', '2019-12-02 20:45:37', null, true, 39, 24, 7);
insert into issue (id, name, description, creation_date, due_date, is_completed, issue_list_id, author_id, complete_id) values (131, 'porttitor pede justo', 'mauris morbi non', '2019-11-22 19:14:57', null, false, 49, 8, null);
insert into issue (id, name, description, creation_date, due_date, is_completed, issue_list_id, author_id, complete_id) values (132, 'ipsum dolor sit', 'in hac habitasse platea', '2019-12-13 03:23:35', null, false, 8, 23, null);
insert into issue (id, name, description, creation_date, due_date, is_completed, issue_list_id, author_id, complete_id) values (133, 'aliquet at feugiat', 'phasellus sit amet erat nulla tempus vivamus in', '2019-07-09 09:47:59', null, true, 53, 27, 10);
insert into issue (id, name, description, creation_date, due_date, is_completed, issue_list_id, author_id, complete_id) values (134, 'sit amet eleifend', 'vehicula condimentum curabitur in libero ut massa', '2019-03-29 08:17:21', null, false, 67, 27, null);
insert into issue (id, name, description, creation_date, due_date, is_completed, issue_list_id, author_id, complete_id) values (135, 'vestibulum ante ipsum', 'curae mauris viverra diam vitae', '2019-11-26 21:21:34', null, true, 62, 7, 13);
insert into issue (id, name, description, creation_date, due_date, is_completed, issue_list_id, author_id, complete_id) values (136, 'ultrices posuere', 'et ultrices posuere cubilia curae donec pharetra magna', '2019-09-30 17:38:56', null, true, 69, 12, 1);
insert into issue (id, name, description, creation_date, due_date, is_completed, issue_list_id, author_id, complete_id) values (137, 'cras pellentesque', 'libero convallis eget eleifend', '2020-02-28 00:31:47', null, true, 12, 25, 4);
insert into issue (id, name, description, creation_date, due_date, is_completed, issue_list_id, author_id, complete_id) values (138, 'cursus', 'sociis natoque penatibus et', '2019-06-10 18:53:16', null, false, 20, 22, null);
insert into issue (id, name, description, creation_date, due_date, is_completed, issue_list_id, author_id, complete_id) values (139, 'elementum pellentesque', 'aenean fermentum donec ut mauris eget massa tempor', '2020-03-27 13:39:26', null, true, 40, 13, 18);
insert into issue (id, name, description, creation_date, due_date, is_completed, issue_list_id, author_id, complete_id) values (140, 'nam nulla integer', 'justo sollicitudin ut suscipit a feugiat', '2020-03-16 19:03:38', null, true, 44, 7, 11);
insert into issue (id, name, description, creation_date, due_date, is_completed, issue_list_id, author_id, complete_id) values (141, 'urna ut', 'quis odio consequat', '2019-12-27 17:15:13', null, true, 94, 11, 12);
insert into issue (id, name, description, creation_date, due_date, is_completed, issue_list_id, author_id, complete_id) values (142, 'ante', 'donec ut mauris eget massa tempor convallis nulla', '2020-01-20 09:48:13', null, false, 6, 25, null);
insert into issue (id, name, description, creation_date, due_date, is_completed, issue_list_id, author_id, complete_id) values (143, 'magna', 'curae nulla dapibus dolor vel est', '2019-10-30 13:15:07', null, false, 69, 1, null);
insert into issue (id, name, description, creation_date, due_date, is_completed, issue_list_id, author_id, complete_id) values (144, 'eget eros elementum', 'quis turpis eget elit sodales scelerisque', '2020-02-27 16:51:50', null, false, 78, 5, null);
insert into issue (id, name, description, creation_date, due_date, is_completed, issue_list_id, author_id, complete_id) values (145, 'molestie lorem quisque', 'sapien iaculis congue vivamus', '2019-05-22 17:22:23', null, true, 36, 17, 10);
insert into issue (id, name, description, creation_date, due_date, is_completed, issue_list_id, author_id, complete_id) values (146, 'non mi', 'luctus rutrum nulla tellus in', '2019-04-19 11:11:23', null, true, 4, 11, 8);
insert into issue (id, name, description, creation_date, due_date, is_completed, issue_list_id, author_id, complete_id) values (147, 'dolor vel', 'quisque id justo sit amet', '2019-05-13 01:24:35', null, true, 14, 1, 20);
insert into issue (id, name, description, creation_date, due_date, is_completed, issue_list_id, author_id, complete_id) values (148, 'placerat praesent', 'ligula nec sem', '2019-12-19 15:24:42', null, true, 44, 1, 28);
insert into issue (id, name, description, creation_date, due_date, is_completed, issue_list_id, author_id, complete_id) values (149, 'vestibulum', 'eu est congue elementum', '2019-05-07 01:33:52', null, false, 95, 13, null);
insert into issue (id, name, description, creation_date, due_date, is_completed, issue_list_id, author_id, complete_id) values (150, 'neque libero convallis', 'quisque erat eros viverra eget congue', '2019-05-08 07:01:41', null, false, 84, 4, null);
insert into issue (id, name, description, creation_date, due_date, is_completed, issue_list_id, author_id, complete_id) values (151, 'vestibulum ac', 'venenatis lacinia aenean sit amet justo morbi', '2019-08-31 19:33:03', null, true, 75, 21, 3);
insert into issue (id, name, description, creation_date, due_date, is_completed, issue_list_id, author_id, complete_id) values (152, 'vivamus', 'sed vestibulum sit amet cursus id turpis', '2019-05-31 07:04:29', null, false, 33, 8, null);
insert into issue (id, name, description, creation_date, due_date, is_completed, issue_list_id, author_id, complete_id) values (153, 'ornare imperdiet', 'eget elit sodales scelerisque mauris sit amet eros', '2019-11-28 03:58:52', null, true, 23, 29, 4);
insert into issue (id, name, description, creation_date, due_date, is_completed, issue_list_id, author_id, complete_id) values (154, 'velit', 'quis tortor id', '2019-06-29 08:59:45', null, true, 26, 9, 11);
insert into issue (id, name, description, creation_date, due_date, is_completed, issue_list_id, author_id, complete_id) values (155, 'tincidunt nulla', 'vivamus tortor duis mattis', '2019-06-03 05:07:59', null, true, 98, 17, 22);
insert into issue (id, name, description, creation_date, due_date, is_completed, issue_list_id, author_id, complete_id) values (156, 'curabitur gravida nisi', 'at dolor quis odio consequat varius integer', '2019-07-26 17:20:53', null, true, 8, 2, 24);
insert into issue (id, name, description, creation_date, due_date, is_completed, issue_list_id, author_id, complete_id) values (157, 'nec euismod scelerisque', 'elementum pellentesque quisque porta volutpat erat quisque', '2019-10-11 23:10:40', null, false, 33, 3, null);
insert into issue (id, name, description, creation_date, due_date, is_completed, issue_list_id, author_id, complete_id) values (158, 'a', 'iaculis diam erat fermentum', '2019-07-27 07:45:55', null, true, 84, 16, 2);
insert into issue (id, name, description, creation_date, due_date, is_completed, issue_list_id, author_id, complete_id) values (159, 'turpis', 'tellus nisi eu orci mauris lacinia sapien quis', '2019-09-08 23:13:28', null, true, 68, 8, 22);
insert into issue (id, name, description, creation_date, due_date, is_completed, issue_list_id, author_id, complete_id) values (160, 'venenatis', 'in hac habitasse platea dictumst morbi vestibulum', '2019-12-12 13:58:14', null, false, 86, 14, null);
insert into issue (id, name, description, creation_date, due_date, is_completed, issue_list_id, author_id, complete_id) values (161, 'ullamcorper augue a', 'lacinia aenean sit amet justo morbi ut odio', '2020-01-29 13:46:54', null, false, 89, 18, null);
insert into issue (id, name, description, creation_date, due_date, is_completed, issue_list_id, author_id, complete_id) values (162, 'magna', 'etiam vel augue vestibulum rutrum rutrum neque aenean', '2019-04-25 17:36:43', null, true, 13, 19, 4);
insert into issue (id, name, description, creation_date, due_date, is_completed, issue_list_id, author_id, complete_id) values (163, 'ante ipsum primis', 'non mi integer ac', '2019-05-22 08:09:03', null, true, 8, 3, 20);
insert into issue (id, name, description, creation_date, due_date, is_completed, issue_list_id, author_id, complete_id) values (164, 'eu mi', 'vel nisl duis ac nibh fusce lacus purus', '2020-01-22 15:46:48', null, false, 50, 30, null);
insert into issue (id, name, description, creation_date, due_date, is_completed, issue_list_id, author_id, complete_id) values (165, 'est', 'cum sociis natoque', '2019-04-09 00:00:25', null, false, 46, 11, null);
insert into issue (id, name, description, creation_date, due_date, is_completed, issue_list_id, author_id, complete_id) values (166, 'tortor risus', 'sagittis nam congue', '2019-11-11 08:33:16', null, true, 67, 12, 19);
insert into issue (id, name, description, creation_date, due_date, is_completed, issue_list_id, author_id, complete_id) values (167, 'lobortis ligula sit', 'magna vestibulum aliquet', '2020-01-25 15:49:56', null, false, 7, 27, null);
insert into issue (id, name, description, creation_date, due_date, is_completed, issue_list_id, author_id, complete_id) values (168, 'felis', 'fringilla rhoncus mauris enim leo rhoncus', '2019-10-21 09:40:58', null, false, 15, 19, null);
insert into issue (id, name, description, creation_date, due_date, is_completed, issue_list_id, author_id, complete_id) values (169, 'sapien ut', 'ante vestibulum ante', '2020-02-20 03:15:16', null, true, 9, 19, 14);
insert into issue (id, name, description, creation_date, due_date, is_completed, issue_list_id, author_id, complete_id) values (170, 'sit', 'turpis elementum ligula', '2019-12-13 20:25:33', null, false, 25, 2, null);
insert into issue (id, name, description, creation_date, due_date, is_completed, issue_list_id, author_id, complete_id) values (171, 'amet sem fusce', 'orci luctus et ultrices posuere cubilia curae', '2019-07-09 10:26:21', null, false, 82, 14, null);
insert into issue (id, name, description, creation_date, due_date, is_completed, issue_list_id, author_id, complete_id) values (172, 'sociis natoque', 'bibendum imperdiet nullam orci', '2020-01-08 00:57:15', null, false, 58, 22, null);
insert into issue (id, name, description, creation_date, due_date, is_completed, issue_list_id, author_id, complete_id) values (173, 'vestibulum vestibulum', 'suscipit nulla elit ac nulla sed vel enim', '2019-12-10 10:02:33', null, true, 30, 2, 27);
insert into issue (id, name, description, creation_date, due_date, is_completed, issue_list_id, author_id, complete_id) values (174, 'in consequat ut', 'ridiculus mus etiam vel augue vestibulum rutrum', '2019-05-16 11:05:30', null, true, 87, 11, 13);
insert into issue (id, name, description, creation_date, due_date, is_completed, issue_list_id, author_id, complete_id) values (175, 'odio in', 'pede malesuada in imperdiet et commodo vulputate', '2019-08-03 08:52:48', null, true, 42, 19, 1);
insert into issue (id, name, description, creation_date, due_date, is_completed, issue_list_id, author_id, complete_id) values (176, 'amet sapien', 'eget congue eget semper rutrum nulla nunc', '2019-10-05 08:41:24', null, true, 84, 20, 9);
insert into issue (id, name, description, creation_date, due_date, is_completed, issue_list_id, author_id, complete_id) values (177, 'volutpat dui', 'erat nulla tempus', '2019-12-29 18:53:43', null, true, 14, 27, 27);
insert into issue (id, name, description, creation_date, due_date, is_completed, issue_list_id, author_id, complete_id) values (178, 'mauris lacinia', 'condimentum neque sapien placerat ante nulla justo', '2020-01-09 16:47:30', null, false, 85, 9, null);
insert into issue (id, name, description, creation_date, due_date, is_completed, issue_list_id, author_id, complete_id) values (179, 'natoque penatibus', 'in faucibus orci luctus et ultrices posuere', '2020-01-11 17:36:43', null, false, 48, 12, null);
insert into issue (id, name, description, creation_date, due_date, is_completed, issue_list_id, author_id, complete_id) values (180, 'vitae consectetuer', 'posuere cubilia curae', '2019-11-20 06:46:12', null, false, 98, 2, null);
insert into issue (id, name, description, creation_date, due_date, is_completed, issue_list_id, author_id, complete_id) values (181, 'nec sem', 'nulla ac enim in', '2019-12-17 17:16:57', null, true, 59, 9, 9);
insert into issue (id, name, description, creation_date, due_date, is_completed, issue_list_id, author_id, complete_id) values (182, 'amet consectetuer', 'amet justo morbi ut', '2019-09-21 16:29:24', null, true, 33, 5, 11);
insert into issue (id, name, description, creation_date, due_date, is_completed, issue_list_id, author_id, complete_id) values (183, 'mauris laoreet', 'amet sem fusce consequat nulla nisl', '2019-11-18 17:20:10', null, false, 37, 13, null);
insert into issue (id, name, description, creation_date, due_date, is_completed, issue_list_id, author_id, complete_id) values (184, 'sem', 'amet justo morbi ut', '2019-06-05 18:13:15', null, false, 16, 10, null);
insert into issue (id, name, description, creation_date, due_date, is_completed, issue_list_id, author_id, complete_id) values (185, 'enim', 'vehicula consequat morbi a ipsum integer a', '2019-07-18 08:39:18', null, false, 55, 25, null);
insert into issue (id, name, description, creation_date, due_date, is_completed, issue_list_id, author_id, complete_id) values (186, 'dolor morbi vel', 'rutrum nulla nunc purus phasellus', '2019-10-09 04:17:25', null, true, 20, 17, 30);
insert into issue (id, name, description, creation_date, due_date, is_completed, issue_list_id, author_id, complete_id) values (187, 'nulla ut erat', 'duis at velit eu est', '2019-07-16 09:41:58', null, false, 89, 21, null);
insert into issue (id, name, description, creation_date, due_date, is_completed, issue_list_id, author_id, complete_id) values (188, 'luctus et ultrices', 'sapien a libero nam dui', '2019-12-23 14:38:45', null, false, 97, 29, null);
insert into issue (id, name, description, creation_date, due_date, is_completed, issue_list_id, author_id, complete_id) values (189, 'blandit', 'at lorem integer', '2019-09-27 01:03:18', null, false, 84, 1, null);
insert into issue (id, name, description, creation_date, due_date, is_completed, issue_list_id, author_id, complete_id) values (190, 'placerat', 'amet consectetuer adipiscing', '2020-03-16 14:38:19', null, true, 19, 4, 8);
insert into issue (id, name, description, creation_date, due_date, is_completed, issue_list_id, author_id, complete_id) values (191, 'nam congue', 'luctus et ultrices posuere', '2019-09-09 00:38:59', null, true, 57, 20, 25);
insert into issue (id, name, description, creation_date, due_date, is_completed, issue_list_id, author_id, complete_id) values (192, 'justo nec', 'lectus pellentesque at nulla suspendisse potenti', '2019-12-27 03:06:24', null, false, 80, 1, null);
insert into issue (id, name, description, creation_date, due_date, is_completed, issue_list_id, author_id, complete_id) values (193, 'ac consequat metus', 'consectetuer eget rutrum at lorem integer', '2019-07-19 10:21:57', null, false, 53, 21, null);
insert into issue (id, name, description, creation_date, due_date, is_completed, issue_list_id, author_id, complete_id) values (194, 'eleifend pede libero', 'augue aliquam erat volutpat in', '2019-10-02 11:20:32', null, true, 67, 9, 6);
insert into issue (id, name, description, creation_date, due_date, is_completed, issue_list_id, author_id, complete_id) values (195, 'magna at', 'suspendisse ornare consequat lectus in', '2019-07-04 21:14:28', null, true, 73, 26, 20);
insert into issue (id, name, description, creation_date, due_date, is_completed, issue_list_id, author_id, complete_id) values (196, 'vitae ipsum', 'metus aenean fermentum', '2020-02-09 19:12:52', null, true, 52, 17, 4);
insert into issue (id, name, description, creation_date, due_date, is_completed, issue_list_id, author_id, complete_id) values (197, 'metus arcu', 'maecenas rhoncus aliquam lacus', '2019-05-17 12:22:37', null, true, 59, 27, 16);
insert into issue (id, name, description, creation_date, due_date, is_completed, issue_list_id, author_id, complete_id) values (198, 'eu interdum', 'aliquam erat volutpat in', '2020-01-15 23:00:01', null, false, 2, 22, null);
insert into issue (id, name, description, creation_date, due_date, is_completed, issue_list_id, author_id, complete_id) values (199, 'duis bibendum morbi', 'metus vitae ipsum aliquam', '2019-12-31 16:25:00', null, true, 10, 20, 24);
insert into issue (id, name, description, creation_date, due_date, is_completed, issue_list_id, author_id, complete_id) values (200, 'tortor sollicitudin mi', 'ligula sit amet eleifend pede libero', '2019-12-10 12:25:00', null, true, 88, 17, 6);
insert into issue (id, name, description, creation_date, due_date, is_completed, issue_list_id, author_id, complete_id) values (201, 'phasellus in felis', 'pede morbi porttitor lorem id', '2019-12-17 17:10:51', null, false, 12, 13, null);
insert into issue (id, name, description, creation_date, due_date, is_completed, issue_list_id, author_id, complete_id) values (202, 'ut massa', 'eros viverra eget congue eget semper', '2019-11-05 11:18:41', null, false, 2, 18, null);
insert into issue (id, name, description, creation_date, due_date, is_completed, issue_list_id, author_id, complete_id) values (203, 'posuere', 'vel nisl duis ac', '2020-01-07 01:54:40', null, true, 100, 28, 17);
insert into issue (id, name, description, creation_date, due_date, is_completed, issue_list_id, author_id, complete_id) values (204, 'lacinia', 'neque aenean auctor gravida', '2020-03-19 12:43:48', null, true, 48, 28, 5);
insert into issue (id, name, description, creation_date, due_date, is_completed, issue_list_id, author_id, complete_id) values (205, 'aliquam erat volutpat', 'enim blandit mi', '2019-08-09 00:40:58', null, false, 36, 2, null);
insert into issue (id, name, description, creation_date, due_date, is_completed, issue_list_id, author_id, complete_id) values (206, 'pellentesque', 'interdum mauris ullamcorper purus', '2019-11-22 07:52:18', null, false, 25, 7, null);
insert into issue (id, name, description, creation_date, due_date, is_completed, issue_list_id, author_id, complete_id) values (207, 'id', 'sed magna at nunc commodo placerat praesent blandit', '2019-12-25 07:45:08', null, true, 3, 30, 27);
insert into issue (id, name, description, creation_date, due_date, is_completed, issue_list_id, author_id, complete_id) values (208, 'hendrerit at', 'posuere cubilia curae nulla', '2019-08-09 03:09:19', null, true, 91, 6, 7);
insert into issue (id, name, description, creation_date, due_date, is_completed, issue_list_id, author_id, complete_id) values (209, 'rutrum rutrum', 'eu est congue elementum in', '2019-08-02 06:07:53', null, false, 16, 18, null);
insert into issue (id, name, description, creation_date, due_date, is_completed, issue_list_id, author_id, complete_id) values (210, 'nisi', 'donec ut dolor', '2020-02-06 14:27:48', null, true, 26, 3, 3);
insert into issue (id, name, description, creation_date, due_date, is_completed, issue_list_id, author_id, complete_id) values (211, 'nunc purus phasellus', 'tellus in sagittis', '2019-11-02 06:31:51', null, false, 84, 5, null);
insert into issue (id, name, description, creation_date, due_date, is_completed, issue_list_id, author_id, complete_id) values (212, 'morbi', 'donec quis orci', '2019-11-27 09:35:02', null, false, 2, 24, null);
insert into issue (id, name, description, creation_date, due_date, is_completed, issue_list_id, author_id, complete_id) values (213, 'gravida nisi', 'quis odio consequat', '2019-10-19 05:56:53', null, false, 33, 18, null);
insert into issue (id, name, description, creation_date, due_date, is_completed, issue_list_id, author_id, complete_id) values (214, 'ante ipsum primis', 'in sagittis dui vel nisl duis ac nibh', '2019-04-09 17:35:31', null, true, 84, 21, 22);
insert into issue (id, name, description, creation_date, due_date, is_completed, issue_list_id, author_id, complete_id) values (215, 'vulputate luctus cum', 'dictumst etiam faucibus cursus', '2019-06-29 18:41:05', null, true, 84, 23, 13);
insert into issue (id, name, description, creation_date, due_date, is_completed, issue_list_id, author_id, complete_id) values (216, 'amet consectetuer adipiscing', 'integer ac neque duis', '2019-08-05 09:54:59', null, false, 100, 22, null);
insert into issue (id, name, description, creation_date, due_date, is_completed, issue_list_id, author_id, complete_id) values (217, 'viverra diam', 'lectus pellentesque eget nunc donec quis orci', '2020-02-26 04:13:53', null, true, 96, 24, 4);
insert into issue (id, name, description, creation_date, due_date, is_completed, issue_list_id, author_id, complete_id) values (218, 'augue luctus', 'tellus semper interdum mauris ullamcorper purus sit amet', '2019-10-15 01:43:53', null, true, 6, 21, 19);
insert into issue (id, name, description, creation_date, due_date, is_completed, issue_list_id, author_id, complete_id) values (219, 'sit amet sem', 'adipiscing lorem vitae mattis nibh ligula', '2020-03-23 00:24:09', null, true, 47, 17, 2);
insert into issue (id, name, description, creation_date, due_date, is_completed, issue_list_id, author_id, complete_id) values (220, 'pede malesuada in', 'nec dui luctus rutrum nulla', '2019-09-09 03:05:54', null, false, 51, 28, null);
insert into issue (id, name, description, creation_date, due_date, is_completed, issue_list_id, author_id, complete_id) values (221, 'pellentesque ultrices mattis', 'id mauris vulputate elementum nullam varius nulla', '2020-02-24 19:20:00', null, false, 23, 6, null);
insert into issue (id, name, description, creation_date, due_date, is_completed, issue_list_id, author_id, complete_id) values (222, 'congue etiam justo', 'justo eu massa donec dapibus duis', '2019-04-19 16:30:50', null, true, 58, 26, 3);
insert into issue (id, name, description, creation_date, due_date, is_completed, issue_list_id, author_id, complete_id) values (223, 'dui nec', 'parturient montes nascetur ridiculus mus vivamus', '2019-11-03 03:08:04', null, true, 61, 5, 12);
insert into issue (id, name, description, creation_date, due_date, is_completed, issue_list_id, author_id, complete_id) values (224, 'lobortis', 'libero quis orci nullam molestie nibh', '2019-06-03 22:16:25', null, true, 56, 19, 6);
insert into issue (id, name, description, creation_date, due_date, is_completed, issue_list_id, author_id, complete_id) values (225, 'etiam pretium', 'vivamus in felis eu sapien cursus vestibulum', '2019-04-20 18:25:27', null, false, 57, 10, null);
insert into issue (id, name, description, creation_date, due_date, is_completed, issue_list_id, author_id, complete_id) values (226, 'consequat nulla', 'fringilla rhoncus mauris enim leo', '2020-03-22 09:00:47', null, false, 78, 20, null);
insert into issue (id, name, description, creation_date, due_date, is_completed, issue_list_id, author_id, complete_id) values (227, 'elit', 'quisque ut erat curabitur gravida nisi at', '2019-08-19 19:13:48', null, true, 27, 9, 13);
insert into issue (id, name, description, creation_date, due_date, is_completed, issue_list_id, author_id, complete_id) values (228, 'purus aliquet at', 'odio porttitor id', '2019-04-05 09:11:54', null, false, 61, 15, null);
insert into issue (id, name, description, creation_date, due_date, is_completed, issue_list_id, author_id, complete_id) values (229, 'ut odio', 'auctor sed tristique in tempus sit', '2019-11-30 00:27:52', null, true, 58, 16, 20);
insert into issue (id, name, description, creation_date, due_date, is_completed, issue_list_id, author_id, complete_id) values (230, 'cras mi', 'morbi quis tortor id nulla', '2019-03-30 05:50:54', null, false, 1, 14, null);
insert into issue (id, name, description, creation_date, due_date, is_completed, issue_list_id, author_id, complete_id) values (231, 'aliquam quis', 'varius ut blandit non interdum in ante', '2020-01-22 02:17:24', null, true, 18, 1, 17);
insert into issue (id, name, description, creation_date, due_date, is_completed, issue_list_id, author_id, complete_id) values (232, 'pharetra magna', 'nunc vestibulum ante ipsum', '2019-05-28 20:47:37', null, true, 57, 25, 4);
insert into issue (id, name, description, creation_date, due_date, is_completed, issue_list_id, author_id, complete_id) values (233, 'mauris viverra', 'sit amet nulla quisque', '2020-03-14 12:45:28', null, true, 93, 8, 2);
insert into issue (id, name, description, creation_date, due_date, is_completed, issue_list_id, author_id, complete_id) values (234, 'cum sociis', 'sit amet eleifend pede libero', '2019-04-27 13:34:17', null, true, 76, 30, 30);
insert into issue (id, name, description, creation_date, due_date, is_completed, issue_list_id, author_id, complete_id) values (235, 'primis in faucibus', 'libero rutrum ac', '2019-08-22 13:30:21', null, false, 40, 21, null);
insert into issue (id, name, description, creation_date, due_date, is_completed, issue_list_id, author_id, complete_id) values (236, 'donec diam', 'dapibus at diam', '2019-03-29 14:40:21', null, false, 67, 18, null);
insert into issue (id, name, description, creation_date, due_date, is_completed, issue_list_id, author_id, complete_id) values (237, 'orci nullam', 'in leo maecenas pulvinar lobortis', '2019-11-10 23:02:10', null, true, 87, 11, 4);
insert into issue (id, name, description, creation_date, due_date, is_completed, issue_list_id, author_id, complete_id) values (238, 'pulvinar sed nisl', 'sem fusce consequat nulla nisl nunc nisl duis', '2019-11-09 01:43:38', null, true, 1, 21, 28);
insert into issue (id, name, description, creation_date, due_date, is_completed, issue_list_id, author_id, complete_id) values (239, 'nulla justo', 'potenti cras in purus eu magna', '2019-10-30 16:24:37', null, true, 13, 6, 25);
insert into issue (id, name, description, creation_date, due_date, is_completed, issue_list_id, author_id, complete_id) values (240, 'convallis morbi', 'justo morbi ut odio cras mi', '2019-09-05 08:10:43', null, false, 11, 27, null);
insert into issue (id, name, description, creation_date, due_date, is_completed, issue_list_id, author_id, complete_id) values (241, 'metus', 'venenatis turpis enim blandit mi in porttitor pede', '2019-04-17 22:41:56', null, true, 56, 29, 24);
insert into issue (id, name, description, creation_date, due_date, is_completed, issue_list_id, author_id, complete_id) values (242, 'pede justo', 'vitae ipsum aliquam non mauris morbi non', '2019-09-10 11:43:47', null, false, 51, 5, null);
insert into issue (id, name, description, creation_date, due_date, is_completed, issue_list_id, author_id, complete_id) values (243, 'erat', 'morbi non quam nec dui luctus', '2019-09-03 08:39:50', null, false, 7, 12, null);
insert into issue (id, name, description, creation_date, due_date, is_completed, issue_list_id, author_id, complete_id) values (244, 'aliquet at', 'vestibulum rutrum rutrum neque aenean auctor gravida', '2019-10-19 20:25:28', null, false, 3, 14, null);
insert into issue (id, name, description, creation_date, due_date, is_completed, issue_list_id, author_id, complete_id) values (245, 'semper interdum mauris', 'neque libero convallis eget eleifend luctus ultricies eu', '2019-09-15 01:20:01', null, true, 53, 22, 5);
insert into issue (id, name, description, creation_date, due_date, is_completed, issue_list_id, author_id, complete_id) values (246, 'vulputate justo', 'neque libero convallis', '2019-08-16 11:32:34', null, false, 83, 13, null);
insert into issue (id, name, description, creation_date, due_date, is_completed, issue_list_id, author_id, complete_id) values (247, 'non mauris', 'justo eu massa donec dapibus duis at', '2019-08-18 13:58:22', null, false, 40, 11, null);
insert into issue (id, name, description, creation_date, due_date, is_completed, issue_list_id, author_id, complete_id) values (248, 'duis mattis', 'lobortis est phasellus sit amet', '2020-02-13 00:00:48', null, true, 9, 6, 18);
insert into issue (id, name, description, creation_date, due_date, is_completed, issue_list_id, author_id, complete_id) values (249, 'at turpis', 'sapien quis libero nullam', '2019-11-30 10:42:55', null, true, 75, 20, 28);
insert into issue (id, name, description, creation_date, due_date, is_completed, issue_list_id, author_id, complete_id) values (250, 'sagittis sapien', 'dis parturient montes', '2019-11-13 21:10:09', null, false, 46, 9, null);
insert into issue (id, name, description, creation_date, due_date, is_completed, issue_list_id, author_id, complete_id) values (251, 'eu', 'aliquam quis turpis eget elit', '2019-04-27 06:25:11', null, true, 8, 14, 3);
insert into issue (id, name, description, creation_date, due_date, is_completed, issue_list_id, author_id, complete_id) values (252, 'sapien', 'sociis natoque penatibus et', '2019-08-17 09:58:33', null, false, 60, 16, null);
insert into issue (id, name, description, creation_date, due_date, is_completed, issue_list_id, author_id, complete_id) values (253, 'felis fusce', 'elit ac nulla sed vel enim sit', '2019-10-30 18:04:56', null, false, 41, 3, null);
insert into issue (id, name, description, creation_date, due_date, is_completed, issue_list_id, author_id, complete_id) values (254, 'in faucibus orci', 'id turpis integer aliquet', '2020-02-20 20:31:28', null, true, 3, 28, 30);
insert into issue (id, name, description, creation_date, due_date, is_completed, issue_list_id, author_id, complete_id) values (255, 'congue', 'eleifend quam a odio in hac habitasse', '2020-02-05 22:21:45', null, true, 58, 1, 22);
insert into issue (id, name, description, creation_date, due_date, is_completed, issue_list_id, author_id, complete_id) values (256, 'erat tortor', 'primis in faucibus orci', '2020-02-09 21:55:05', null, true, 71, 7, 28);
insert into issue (id, name, description, creation_date, due_date, is_completed, issue_list_id, author_id, complete_id) values (257, 'lobortis', 'bibendum felis sed interdum venenatis turpis', '2019-12-16 12:19:55', null, false, 28, 20, null);
insert into issue (id, name, description, creation_date, due_date, is_completed, issue_list_id, author_id, complete_id) values (258, 'iaculis diam', 'nisi venenatis tristique fusce congue diam id ornare', '2019-09-15 16:30:00', null, true, 79, 30, 18);
insert into issue (id, name, description, creation_date, due_date, is_completed, issue_list_id, author_id, complete_id) values (259, 'arcu adipiscing molestie', 'nulla sed vel enim sit amet nunc viverra', '2020-01-11 19:56:39', null, false, 33, 8, null);
insert into issue (id, name, description, creation_date, due_date, is_completed, issue_list_id, author_id, complete_id) values (260, 'massa tempor convallis', 'leo rhoncus sed vestibulum sit amet', '2019-07-18 03:22:40', null, true, 64, 18, 13);
insert into issue (id, name, description, creation_date, due_date, is_completed, issue_list_id, author_id, complete_id) values (261, 'a', 'ullamcorper purus sit amet nulla quisque', '2020-02-25 06:53:03', null, false, 35, 27, null);
insert into issue (id, name, description, creation_date, due_date, is_completed, issue_list_id, author_id, complete_id) values (262, 'erat tortor', 'nulla mollis molestie lorem quisque', '2020-02-03 22:22:31', null, false, 4, 3, null);
insert into issue (id, name, description, creation_date, due_date, is_completed, issue_list_id, author_id, complete_id) values (263, 'ante', 'pharetra magna vestibulum aliquet', '2019-04-04 21:45:25', null, true, 9, 12, 19);
insert into issue (id, name, description, creation_date, due_date, is_completed, issue_list_id, author_id, complete_id) values (264, 'semper sapien a', 'ut mauris eget', '2019-11-14 02:12:08', null, true, 75, 9, 24);
insert into issue (id, name, description, creation_date, due_date, is_completed, issue_list_id, author_id, complete_id) values (265, 'mauris laoreet', 'malesuada in imperdiet et commodo vulputate', '2020-01-12 12:36:40', null, false, 68, 8, null);
insert into issue (id, name, description, creation_date, due_date, is_completed, issue_list_id, author_id, complete_id) values (266, 'vivamus vestibulum sagittis', 'purus aliquet at feugiat non pretium quis lectus', '2019-06-07 09:55:31', null, true, 86, 26, 15);
insert into issue (id, name, description, creation_date, due_date, is_completed, issue_list_id, author_id, complete_id) values (267, 'amet sapien', 'scelerisque quam turpis adipiscing lorem vitae mattis', '2019-05-21 04:15:17', null, false, 27, 13, null);
insert into issue (id, name, description, creation_date, due_date, is_completed, issue_list_id, author_id, complete_id) values (268, 'in', 'tincidunt nulla mollis', '2019-11-21 22:25:06', null, false, 60, 5, null);
insert into issue (id, name, description, creation_date, due_date, is_completed, issue_list_id, author_id, complete_id) values (269, 'cubilia', 'natoque penatibus et magnis dis parturient', '2019-11-06 07:14:19', null, false, 70, 27, null);
insert into issue (id, name, description, creation_date, due_date, is_completed, issue_list_id, author_id, complete_id) values (270, 'a ipsum integer', 'lorem id ligula suspendisse ornare consequat', '2019-03-30 22:49:42', null, true, 5, 10, 23);
insert into issue (id, name, description, creation_date, due_date, is_completed, issue_list_id, author_id, complete_id) values (271, 'cursus id', 'vivamus vestibulum sagittis sapien', '2019-11-16 05:46:06', null, false, 90, 16, null);
insert into issue (id, name, description, creation_date, due_date, is_completed, issue_list_id, author_id, complete_id) values (272, 'sit amet erat', 'ac enim in tempor turpis', '2019-06-07 22:44:08', null, true, 25, 26, 8);
insert into issue (id, name, description, creation_date, due_date, is_completed, issue_list_id, author_id, complete_id) values (273, 'sociis natoque penatibus', 'tellus in sagittis dui vel', '2020-02-10 15:48:17', null, false, 87, 9, null);
insert into issue (id, name, description, creation_date, due_date, is_completed, issue_list_id, author_id, complete_id) values (274, 'ligula', 'vestibulum velit id pretium iaculis diam', '2019-11-05 19:32:32', null, true, 42, 21, 12);
insert into issue (id, name, description, creation_date, due_date, is_completed, issue_list_id, author_id, complete_id) values (275, 'rutrum', 'semper rutrum nulla nunc', '2019-07-06 07:59:19', null, false, 32, 9, null);
insert into issue (id, name, description, creation_date, due_date, is_completed, issue_list_id, author_id, complete_id) values (276, 'proin risus', 'pulvinar sed nisl nunc rhoncus dui', '2020-01-03 09:16:56', null, true, 78, 23, 20);
insert into issue (id, name, description, creation_date, due_date, is_completed, issue_list_id, author_id, complete_id) values (277, 'erat vestibulum', 'lacinia erat vestibulum sed magna', '2019-04-02 12:31:24', null, false, 29, 27, null);
insert into issue (id, name, description, creation_date, due_date, is_completed, issue_list_id, author_id, complete_id) values (278, 'volutpat quam pede', 'aliquam sit amet diam', '2019-06-13 03:47:24', null, false, 26, 27, null);
insert into issue (id, name, description, creation_date, due_date, is_completed, issue_list_id, author_id, complete_id) values (279, 'nam congue', 'dolor quis odio consequat varius integer', '2019-07-14 17:03:32', null, true, 1, 29, 20);
insert into issue (id, name, description, creation_date, due_date, is_completed, issue_list_id, author_id, complete_id) values (280, 'fringilla', 'metus sapien ut nunc', '2020-03-13 01:40:34', null, true, 83, 26, 18);
insert into issue (id, name, description, creation_date, due_date, is_completed, issue_list_id, author_id, complete_id) values (281, 'diam', 'convallis nulla neque libero convallis eget eleifend luctus', '2019-07-13 17:57:02', null, true, 20, 18, 20);
insert into issue (id, name, description, creation_date, due_date, is_completed, issue_list_id, author_id, complete_id) values (282, 'vehicula consequat morbi', 'habitasse platea dictumst', '2019-04-16 19:42:51', null, true, 52, 22, 23);
insert into issue (id, name, description, creation_date, due_date, is_completed, issue_list_id, author_id, complete_id) values (283, 'maecenas', 'elit proin risus praesent lectus vestibulum', '2019-05-29 09:45:42', null, true, 32, 22, 10);
insert into issue (id, name, description, creation_date, due_date, is_completed, issue_list_id, author_id, complete_id) values (284, 'pede ac', 'lobortis convallis tortor risus', '2019-06-20 18:52:31', null, false, 14, 10, null);
insert into issue (id, name, description, creation_date, due_date, is_completed, issue_list_id, author_id, complete_id) values (285, 'mus', 'odio donec vitae nisi nam ultrices libero', '2019-11-21 08:39:39', null, false, 93, 20, null);
insert into issue (id, name, description, creation_date, due_date, is_completed, issue_list_id, author_id, complete_id) values (286, 'dis', 'auctor gravida sem praesent', '2019-11-02 11:44:30', null, false, 12, 9, null);
insert into issue (id, name, description, creation_date, due_date, is_completed, issue_list_id, author_id, complete_id) values (287, 'proin interdum mauris', 'tincidunt lacus at velit vivamus vel nulla eget', '2019-07-17 07:12:09', null, false, 70, 20, null);
insert into issue (id, name, description, creation_date, due_date, is_completed, issue_list_id, author_id, complete_id) values (288, 'potenti nullam porttitor', 'curabitur at ipsum ac', '2019-08-25 23:14:44', null, false, 20, 11, null);
insert into issue (id, name, description, creation_date, due_date, is_completed, issue_list_id, author_id, complete_id) values (289, 'fusce consequat', 'posuere felis sed lacus morbi', '2019-04-18 22:32:56', null, true, 31, 30, 19);
insert into issue (id, name, description, creation_date, due_date, is_completed, issue_list_id, author_id, complete_id) values (290, 'non', 'curabitur gravida nisi at', '2019-11-21 20:01:54', null, false, 19, 1, null);
insert into issue (id, name, description, creation_date, due_date, is_completed, issue_list_id, author_id, complete_id) values (291, 'hac habitasse', 'augue vestibulum ante ipsum primis', '2019-07-23 00:23:15', null, true, 51, 24, 2);
insert into issue (id, name, description, creation_date, due_date, is_completed, issue_list_id, author_id, complete_id) values (292, 'sed', 'ultrices vel augue vestibulum ante', '2019-06-26 16:28:37', null, false, 84, 4, null);
insert into issue (id, name, description, creation_date, due_date, is_completed, issue_list_id, author_id, complete_id) values (293, 'vel augue vestibulum', 'ac lobortis vel dapibus', '2019-08-15 00:48:28', null, true, 75, 17, 30);
insert into issue (id, name, description, creation_date, due_date, is_completed, issue_list_id, author_id, complete_id) values (294, 'augue vestibulum', 'consequat morbi a ipsum', '2019-11-10 12:06:24', null, false, 12, 22, null);
insert into issue (id, name, description, creation_date, due_date, is_completed, issue_list_id, author_id, complete_id) values (295, 'et magnis dis', 'hac habitasse platea', '2019-10-20 07:52:50', null, true, 64, 11, 26);
insert into issue (id, name, description, creation_date, due_date, is_completed, issue_list_id, author_id, complete_id) values (296, 'ut', 'blandit ultrices enim lorem ipsum', '2020-02-04 23:19:56', null, false, 13, 28, null);
insert into issue (id, name, description, creation_date, due_date, is_completed, issue_list_id, author_id, complete_id) values (297, 'eleifend pede', 'non mattis pulvinar nulla pede ullamcorper augue a', '2019-09-18 23:54:42', null, true, 2, 21, 23);
insert into issue (id, name, description, creation_date, due_date, is_completed, issue_list_id, author_id, complete_id) values (298, 'facilisi', 'magna at nunc', '2019-10-11 04:17:46', null, true, 86, 23, 3);
insert into issue (id, name, description, creation_date, due_date, is_completed, issue_list_id, author_id, complete_id) values (299, 'rhoncus sed vestibulum', 'accumsan tortor quis turpis sed', '2019-04-17 03:47:34', null, true, 44, 5, 16);
insert into issue (id, name, description, creation_date, due_date, is_completed, issue_list_id, author_id, complete_id) values (300, 'volutpat sapien', 'et tempus semper est quam pharetra magna', '2019-06-03 13:23:04', null, false, 59, 19, null);
insert into issue (id, name, description, creation_date, due_date, is_completed, issue_list_id, author_id, complete_id) values (301, 'quis', 'vel nisl duis ac nibh fusce lacus', '2019-04-08 14:05:29', null, true, 98, 13, 14);
insert into issue (id, name, description, creation_date, due_date, is_completed, issue_list_id, author_id, complete_id) values (302, 'dolor morbi', 'porta volutpat quam', '2020-01-17 22:24:30', null, false, 19, 2, null);
insert into issue (id, name, description, creation_date, due_date, is_completed, issue_list_id, author_id, complete_id) values (303, 'duis', 'primis in faucibus', '2020-01-19 05:27:35', null, true, 18, 15, 9);
insert into issue (id, name, description, creation_date, due_date, is_completed, issue_list_id, author_id, complete_id) values (304, 'turpis integer', 'tempor turpis nec euismod scelerisque quam turpis adipiscing', '2019-08-03 11:20:40', null, false, 100, 13, null);
insert into issue (id, name, description, creation_date, due_date, is_completed, issue_list_id, author_id, complete_id) values (305, 'rutrum at', 'enim in tempor', '2020-01-21 06:26:07', null, true, 93, 13, 6);
insert into issue (id, name, description, creation_date, due_date, is_completed, issue_list_id, author_id, complete_id) values (306, 'sapien', 'elementum ligula vehicula consequat', '2019-09-21 03:23:02', null, true, 12, 13, 3);
insert into issue (id, name, description, creation_date, due_date, is_completed, issue_list_id, author_id, complete_id) values (307, 'fusce', 'penatibus et magnis dis parturient montes nascetur ridiculus', '2019-08-02 07:30:44', null, true, 30, 15, 5);
insert into issue (id, name, description, creation_date, due_date, is_completed, issue_list_id, author_id, complete_id) values (308, 'erat volutpat', 'erat id mauris vulputate elementum nullam', '2019-05-26 02:07:55', null, false, 43, 22, null);
insert into issue (id, name, description, creation_date, due_date, is_completed, issue_list_id, author_id, complete_id) values (309, 'platea dictumst aliquam', 'nam dui proin leo odio', '2019-06-02 19:35:37', null, true, 91, 18, 28);
insert into issue (id, name, description, creation_date, due_date, is_completed, issue_list_id, author_id, complete_id) values (310, 'arcu sed augue', 'nec condimentum neque sapien placerat ante', '2019-05-26 16:33:51', null, true, 94, 17, 20);
insert into issue (id, name, description, creation_date, due_date, is_completed, issue_list_id, author_id, complete_id) values (311, 'blandit ultrices', 'mauris laoreet ut rhoncus aliquet pulvinar', '2019-05-07 16:13:06', null, true, 18, 8, 5);
insert into issue (id, name, description, creation_date, due_date, is_completed, issue_list_id, author_id, complete_id) values (312, 'proin at', 'ut ultrices vel augue', '2020-03-04 20:00:55', null, false, 58, 23, null);
insert into issue (id, name, description, creation_date, due_date, is_completed, issue_list_id, author_id, complete_id) values (313, 'pretium', 'rutrum at lorem integer tincidunt ante vel ipsum', '2019-10-08 12:33:58', null, true, 28, 6, 25);
insert into issue (id, name, description, creation_date, due_date, is_completed, issue_list_id, author_id, complete_id) values (314, 'lobortis convallis tortor', 'at nibh in hac habitasse platea', '2019-12-08 09:24:22', null, true, 3, 8, 27);
insert into issue (id, name, description, creation_date, due_date, is_completed, issue_list_id, author_id, complete_id) values (315, 'pharetra magna', 'eget vulputate ut ultrices vel augue vestibulum ante', '2019-10-25 15:06:14', null, false, 97, 17, null);
insert into issue (id, name, description, creation_date, due_date, is_completed, issue_list_id, author_id, complete_id) values (316, 'sed magna', 'laoreet ut rhoncus', '2019-06-13 14:57:56', null, true, 45, 17, 7);
insert into issue (id, name, description, creation_date, due_date, is_completed, issue_list_id, author_id, complete_id) values (317, 'vestibulum ac est', 'erat fermentum justo nec condimentum', '2020-01-12 02:41:44', null, false, 11, 26, null);
insert into issue (id, name, description, creation_date, due_date, is_completed, issue_list_id, author_id, complete_id) values (318, 'morbi sem', 'pede libero quis orci nullam molestie', '2020-01-08 21:56:26', null, false, 3, 11, null);
insert into issue (id, name, description, creation_date, due_date, is_completed, issue_list_id, author_id, complete_id) values (319, 'mi', 'placerat praesent blandit', '2019-09-24 05:29:30', null, true, 12, 12, 30);
insert into issue (id, name, description, creation_date, due_date, is_completed, issue_list_id, author_id, complete_id) values (320, 'sapien', 'hac habitasse platea dictumst maecenas', '2019-09-17 16:36:35', null, true, 61, 27, 3);
insert into issue (id, name, description, creation_date, due_date, is_completed, issue_list_id, author_id, complete_id) values (321, 'tempus vivamus', 'blandit ultrices enim lorem', '2019-04-15 23:03:21', null, true, 37, 3, 1);
insert into issue (id, name, description, creation_date, due_date, is_completed, issue_list_id, author_id, complete_id) values (322, 'justo nec condimentum', 'consequat dui nec', '2019-06-09 20:53:33', null, false, 47, 11, null);
insert into issue (id, name, description, creation_date, due_date, is_completed, issue_list_id, author_id, complete_id) values (323, 'ipsum praesent', 'condimentum curabitur in libero', '2019-11-18 03:49:50', null, false, 15, 28, null);
insert into issue (id, name, description, creation_date, due_date, is_completed, issue_list_id, author_id, complete_id) values (324, 'pellentesque volutpat dui', 'nisl nunc rhoncus', '2019-07-15 23:33:10', null, true, 1, 12, 20);
insert into issue (id, name, description, creation_date, due_date, is_completed, issue_list_id, author_id, complete_id) values (325, 'posuere', 'vestibulum sit amet cursus id turpis integer', '2019-06-17 11:26:41', null, true, 40, 1, 2);
insert into issue (id, name, description, creation_date, due_date, is_completed, issue_list_id, author_id, complete_id) values (326, 'accumsan', 'massa id nisl venenatis', '2019-11-15 21:39:05', null, false, 77, 8, null);
insert into issue (id, name, description, creation_date, due_date, is_completed, issue_list_id, author_id, complete_id) values (327, 'vitae mattis', 'metus sapien ut nunc vestibulum ante ipsum primis', '2019-09-14 21:50:23', null, true, 89, 28, 7);
insert into issue (id, name, description, creation_date, due_date, is_completed, issue_list_id, author_id, complete_id) values (328, 'augue a suscipit', 'morbi vestibulum velit id', '2019-07-28 01:27:08', null, false, 27, 18, null);
insert into issue (id, name, description, creation_date, due_date, is_completed, issue_list_id, author_id, complete_id) values (329, 'velit', 'lectus in quam fringilla rhoncus mauris enim', '2020-02-12 07:09:06', null, true, 19, 16, 3);
insert into issue (id, name, description, creation_date, due_date, is_completed, issue_list_id, author_id, complete_id) values (330, 'iaculis', 'quis orci eget orci vehicula condimentum curabitur in', '2020-03-07 13:08:48', null, false, 41, 3, null);
insert into issue (id, name, description, creation_date, due_date, is_completed, issue_list_id, author_id, complete_id) values (331, 'cum sociis', 'porta volutpat erat quisque erat eros viverra eget', '2019-05-07 12:20:02', null, false, 62, 28, null);
insert into issue (id, name, description, creation_date, due_date, is_completed, issue_list_id, author_id, complete_id) values (332, 'donec', 'potenti in eleifend quam a', '2020-01-29 14:41:32', null, false, 46, 1, null);
insert into issue (id, name, description, creation_date, due_date, is_completed, issue_list_id, author_id, complete_id) values (333, 'ut', 'aliquam sit amet diam', '2020-03-10 20:08:13', null, false, 35, 11, null);
insert into issue (id, name, description, creation_date, due_date, is_completed, issue_list_id, author_id, complete_id) values (334, 'ultrices posuere cubilia', 'vehicula condimentum curabitur in libero', '2020-02-01 22:04:30', null, true, 41, 17, 29);
insert into issue (id, name, description, creation_date, due_date, is_completed, issue_list_id, author_id, complete_id) values (335, 'nisi vulputate', 'interdum in ante vestibulum ante ipsum primis', '2020-03-09 17:18:25', null, false, 24, 30, null);
insert into issue (id, name, description, creation_date, due_date, is_completed, issue_list_id, author_id, complete_id) values (336, 'sed', 'nibh quisque id justo', '2019-03-30 05:45:15', null, false, 14, 1, null);
insert into issue (id, name, description, creation_date, due_date, is_completed, issue_list_id, author_id, complete_id) values (337, 'nulla suspendisse potenti', 'in congue etiam justo etiam', '2019-10-22 17:18:24', null, false, 53, 24, null);
insert into issue (id, name, description, creation_date, due_date, is_completed, issue_list_id, author_id, complete_id) values (338, 'duis ac', 'semper interdum mauris ullamcorper purus sit amet', '2020-03-05 17:22:25', null, true, 34, 6, 4);
insert into issue (id, name, description, creation_date, due_date, is_completed, issue_list_id, author_id, complete_id) values (339, 'ligula pellentesque ultrices', 'justo sollicitudin ut suscipit a feugiat', '2019-12-21 07:26:42', null, true, 34, 30, 3);
insert into issue (id, name, description, creation_date, due_date, is_completed, issue_list_id, author_id, complete_id) values (340, 'quisque', 'placerat ante nulla justo', '2020-03-21 13:40:25', null, false, 31, 17, null);
insert into issue (id, name, description, creation_date, due_date, is_completed, issue_list_id, author_id, complete_id) values (341, 'magna', 'mi integer ac', '2019-09-15 02:14:15', null, true, 69, 15, 7);
insert into issue (id, name, description, creation_date, due_date, is_completed, issue_list_id, author_id, complete_id) values (342, 'et ultrices posuere', 'at turpis a pede', '2019-05-01 07:39:39', null, true, 58, 7, 28);
insert into issue (id, name, description, creation_date, due_date, is_completed, issue_list_id, author_id, complete_id) values (343, 'eget elit', 'hac habitasse platea dictumst', '2019-11-11 09:42:37', null, true, 9, 4, 4);
insert into issue (id, name, description, creation_date, due_date, is_completed, issue_list_id, author_id, complete_id) values (344, 'ullamcorper', 'iaculis congue vivamus metus', '2019-10-27 08:10:36', null, true, 6, 10, 8);
insert into issue (id, name, description, creation_date, due_date, is_completed, issue_list_id, author_id, complete_id) values (345, 'non', 'mi nulla ac enim in tempor turpis', '2019-04-14 10:17:33', null, false, 89, 2, null);
insert into issue (id, name, description, creation_date, due_date, is_completed, issue_list_id, author_id, complete_id) values (346, 'in', 'lacus curabitur at ipsum ac tellus', '2020-03-28 08:15:51', null, true, 80, 30, 13);
insert into issue (id, name, description, creation_date, due_date, is_completed, issue_list_id, author_id, complete_id) values (347, 'erat nulla', 'quisque porta volutpat erat quisque', '2020-01-10 09:01:33', null, true, 75, 30, 10);
insert into issue (id, name, description, creation_date, due_date, is_completed, issue_list_id, author_id, complete_id) values (348, 'aliquet ultrices erat', 'congue etiam justo etiam pretium iaculis', '2019-05-08 18:28:08', null, false, 84, 14, null);
insert into issue (id, name, description, creation_date, due_date, is_completed, issue_list_id, author_id, complete_id) values (349, 'erat', 'arcu sed augue', '2019-10-14 04:45:34', null, false, 59, 6, null);
insert into issue (id, name, description, creation_date, due_date, is_completed, issue_list_id, author_id, complete_id) values (350, 'varius', 'ut nulla sed accumsan felis ut at', '2019-08-14 19:36:24', null, false, 66, 29, null);
insert into issue (id, name, description, creation_date, due_date, is_completed, issue_list_id, author_id, complete_id) values (351, 'mauris enim', 'viverra diam vitae quam suspendisse', '2020-03-28 02:41:02', null, false, 56, 26, null);
insert into issue (id, name, description, creation_date, due_date, is_completed, issue_list_id, author_id, complete_id) values (352, 'in eleifend', 'tempor convallis nulla', '2019-05-11 17:38:14', null, false, 88, 29, null);
insert into issue (id, name, description, creation_date, due_date, is_completed, issue_list_id, author_id, complete_id) values (353, 'sed', 'eros elementum pellentesque quisque porta volutpat erat', '2019-10-02 12:59:37', null, true, 86, 23, 4);
insert into issue (id, name, description, creation_date, due_date, is_completed, issue_list_id, author_id, complete_id) values (354, 'cubilia curae', 'pede morbi porttitor lorem id ligula suspendisse', '2019-12-09 08:11:37', null, false, 31, 6, null);
insert into issue (id, name, description, creation_date, due_date, is_completed, issue_list_id, author_id, complete_id) values (355, 'maecenas leo odio', 'augue vestibulum ante ipsum primis', '2020-01-19 08:18:38', null, false, 97, 23, null);
insert into issue (id, name, description, creation_date, due_date, is_completed, issue_list_id, author_id, complete_id) values (356, 'ac', 'sed tristique in', '2019-08-22 02:16:10', null, true, 7, 14, 1);
insert into issue (id, name, description, creation_date, due_date, is_completed, issue_list_id, author_id, complete_id) values (357, 'vitae', 'feugiat et eros vestibulum', '2019-05-19 18:38:32', null, true, 95, 16, 17);
insert into issue (id, name, description, creation_date, due_date, is_completed, issue_list_id, author_id, complete_id) values (358, 'libero non mattis', 'rhoncus aliquet pulvinar sed nisl nunc rhoncus', '2020-03-13 00:38:24', null, false, 82, 27, null);
insert into issue (id, name, description, creation_date, due_date, is_completed, issue_list_id, author_id, complete_id) values (359, 'nec condimentum neque', 'aenean lectus pellentesque', '2019-07-27 14:24:58', null, false, 42, 13, null);
insert into issue (id, name, description, creation_date, due_date, is_completed, issue_list_id, author_id, complete_id) values (360, 'dui', 'turpis a pede posuere nonummy integer', '2020-01-16 00:17:23', null, false, 50, 30, null);
insert into issue (id, name, description, creation_date, due_date, is_completed, issue_list_id, author_id, complete_id) values (361, 'curabitur', 'ultrices posuere cubilia curae nulla', '2020-02-10 02:28:39', null, false, 43, 2, null);
insert into issue (id, name, description, creation_date, due_date, is_completed, issue_list_id, author_id, complete_id) values (362, 'ultrices', 'metus vitae ipsum aliquam non', '2019-07-01 19:30:10', null, false, 27, 21, null);
insert into issue (id, name, description, creation_date, due_date, is_completed, issue_list_id, author_id, complete_id) values (363, 'cras', 'eget eros elementum pellentesque quisque', '2019-05-28 14:13:41', null, false, 27, 15, null);
insert into issue (id, name, description, creation_date, due_date, is_completed, issue_list_id, author_id, complete_id) values (364, 'consequat lectus', 'lectus pellentesque eget nunc donec', '2019-06-18 06:35:39', null, true, 33, 7, 19);
insert into issue (id, name, description, creation_date, due_date, is_completed, issue_list_id, author_id, complete_id) values (365, 'pellentesque viverra', 'in felis eu', '2019-11-07 17:02:34', null, true, 80, 24, 16);
insert into issue (id, name, description, creation_date, due_date, is_completed, issue_list_id, author_id, complete_id) values (366, 'tincidunt', 'luctus cum sociis natoque penatibus et magnis', '2020-02-22 19:17:46', null, true, 78, 6, 23);
insert into issue (id, name, description, creation_date, due_date, is_completed, issue_list_id, author_id, complete_id) values (367, 'consectetuer eget rutrum', 'justo in hac habitasse platea dictumst etiam', '2019-05-08 21:41:16', null, true, 45, 23, 10);
insert into issue (id, name, description, creation_date, due_date, is_completed, issue_list_id, author_id, complete_id) values (368, 'sed magna', 'turpis enim blandit mi in porttitor pede', '2019-09-26 16:56:16', null, false, 33, 26, null);
insert into issue (id, name, description, creation_date, due_date, is_completed, issue_list_id, author_id, complete_id) values (369, 'nulla nunc', 'tortor quis turpis', '2019-05-12 16:59:22', null, false, 73, 26, null);
insert into issue (id, name, description, creation_date, due_date, is_completed, issue_list_id, author_id, complete_id) values (370, 'volutpat', 'pede lobortis ligula sit amet eleifend', '2019-03-29 10:55:09', null, false, 32, 13, null);
insert into issue (id, name, description, creation_date, due_date, is_completed, issue_list_id, author_id, complete_id) values (371, 'ut mauris', 'accumsan tortor quis turpis', '2019-08-23 03:04:40', null, false, 55, 1, null);
insert into issue (id, name, description, creation_date, due_date, is_completed, issue_list_id, author_id, complete_id) values (372, 'in congue', 'dis parturient montes nascetur ridiculus mus etiam', '2019-06-01 09:27:54', null, false, 19, 30, null);
insert into issue (id, name, description, creation_date, due_date, is_completed, issue_list_id, author_id, complete_id) values (373, 'vestibulum aliquet ultrices', 'potenti nullam porttitor lacus at turpis', '2019-05-31 03:11:56', null, false, 17, 3, null);
insert into issue (id, name, description, creation_date, due_date, is_completed, issue_list_id, author_id, complete_id) values (374, 'ante ipsum primis', 'vel augue vestibulum rutrum rutrum neque', '2019-10-28 14:43:21', null, true, 61, 18, 6);
insert into issue (id, name, description, creation_date, due_date, is_completed, issue_list_id, author_id, complete_id) values (375, 'dapibus at', 'donec ut dolor morbi', '2019-06-22 02:31:25', null, true, 86, 30, 29);
insert into issue (id, name, description, creation_date, due_date, is_completed, issue_list_id, author_id, complete_id) values (376, 'massa id nisl', 'curae donec pharetra', '2019-09-22 06:52:19', null, false, 46, 12, null);
insert into issue (id, name, description, creation_date, due_date, is_completed, issue_list_id, author_id, complete_id) values (377, 'at', 'pellentesque ultrices phasellus id', '2019-03-30 18:32:32', null, true, 30, 7, 30);
insert into issue (id, name, description, creation_date, due_date, is_completed, issue_list_id, author_id, complete_id) values (378, 'vestibulum', 'justo etiam pretium', '2019-12-18 08:51:08', null, false, 98, 19, null);
insert into issue (id, name, description, creation_date, due_date, is_completed, issue_list_id, author_id, complete_id) values (379, 'nulla facilisi', 'congue diam id ornare imperdiet sapien urna', '2019-11-30 16:43:31', null, false, 55, 4, null);
insert into issue (id, name, description, creation_date, due_date, is_completed, issue_list_id, author_id, complete_id) values (380, 'posuere cubilia curae', 'venenatis tristique fusce congue diam', '2019-09-21 00:12:28', null, false, 91, 23, null);
insert into issue (id, name, description, creation_date, due_date, is_completed, issue_list_id, author_id, complete_id) values (381, 'orci pede', 'odio in hac habitasse platea dictumst maecenas ut', '2019-12-09 00:48:27', null, false, 31, 25, null);
insert into issue (id, name, description, creation_date, due_date, is_completed, issue_list_id, author_id, complete_id) values (382, 'rhoncus dui', 'sociis natoque penatibus et magnis dis parturient', '2019-03-31 22:16:54', null, true, 51, 15, 8);
insert into issue (id, name, description, creation_date, due_date, is_completed, issue_list_id, author_id, complete_id) values (383, 'luctus', 'rutrum neque aenean auctor gravida', '2019-05-23 04:28:40', null, false, 71, 19, null);
insert into issue (id, name, description, creation_date, due_date, is_completed, issue_list_id, author_id, complete_id) values (384, 'vitae mattis nibh', 'dui vel sem sed', '2020-03-21 10:21:35', null, true, 28, 4, 29);
insert into issue (id, name, description, creation_date, due_date, is_completed, issue_list_id, author_id, complete_id) values (385, 'aliquam', 'cursus id turpis integer aliquet massa', '2019-08-29 12:41:22', null, false, 100, 8, null);
insert into issue (id, name, description, creation_date, due_date, is_completed, issue_list_id, author_id, complete_id) values (386, 'mauris lacinia sapien', 'lectus pellentesque at', '2019-04-28 18:01:24', null, true, 21, 9, 13);
insert into issue (id, name, description, creation_date, due_date, is_completed, issue_list_id, author_id, complete_id) values (387, 'quisque erat', 'tortor duis mattis egestas metus', '2019-06-11 00:56:14', null, true, 1, 1, 1);
insert into issue (id, name, description, creation_date, due_date, is_completed, issue_list_id, author_id, complete_id) values (388, 'ipsum', 'sapien arcu sed augue aliquam erat', '2020-03-15 07:25:39', null, true, 47, 25, 7);
insert into issue (id, name, description, creation_date, due_date, is_completed, issue_list_id, author_id, complete_id) values (389, 'platea dictumst morbi', 'suspendisse potenti nullam porttitor lacus at turpis donec', '2019-11-20 02:01:15', null, true, 5, 22, 21);
insert into issue (id, name, description, creation_date, due_date, is_completed, issue_list_id, author_id, complete_id) values (390, 'amet cursus id', 'quis turpis eget elit', '2019-12-14 16:27:01', null, true, 76, 12, 19);
insert into issue (id, name, description, creation_date, due_date, is_completed, issue_list_id, author_id, complete_id) values (391, 'eget orci', 'non mi integer ac', '2020-01-02 10:24:01', null, false, 92, 27, null);
insert into issue (id, name, description, creation_date, due_date, is_completed, issue_list_id, author_id, complete_id) values (392, 'cubilia curae', 'lectus vestibulum quam sapien varius ut blandit', '2019-11-17 11:05:43', null, false, 78, 17, null);
insert into issue (id, name, description, creation_date, due_date, is_completed, issue_list_id, author_id, complete_id) values (393, 'integer', 'quam sollicitudin vitae consectetuer', '2019-05-11 02:43:46', null, true, 47, 4, 21);
insert into issue (id, name, description, creation_date, due_date, is_completed, issue_list_id, author_id, complete_id) values (394, 'neque sapien placerat', 'luctus rutrum nulla tellus', '2020-01-05 23:02:43', null, false, 80, 19, null);
insert into issue (id, name, description, creation_date, due_date, is_completed, issue_list_id, author_id, complete_id) values (395, 'vestibulum rutrum rutrum', 'non mauris morbi non lectus aliquam', '2019-08-25 09:37:13', null, false, 22, 20, null);
insert into issue (id, name, description, creation_date, due_date, is_completed, issue_list_id, author_id, complete_id) values (396, 'sed vestibulum', 'orci mauris lacinia sapien quis', '2020-01-26 10:01:59', null, true, 8, 24, 12);
insert into issue (id, name, description, creation_date, due_date, is_completed, issue_list_id, author_id, complete_id) values (397, 'aliquam', 'lectus suspendisse potenti in eleifend quam a', '2020-02-25 14:00:21', null, false, 61, 19, null);
insert into issue (id, name, description, creation_date, due_date, is_completed, issue_list_id, author_id, complete_id) values (398, 'ullamcorper augue a', 'sit amet cursus id', '2019-06-28 23:03:35', null, false, 83, 18, null);
insert into issue (id, name, description, creation_date, due_date, is_completed, issue_list_id, author_id, complete_id) values (399, 'ac enim', 'sapien varius ut blandit non', '2019-10-10 22:18:54', null, true, 16, 2, 28);
insert into issue (id, name, description, creation_date, due_date, is_completed, issue_list_id, author_id, complete_id) values (400, 'rhoncus aliquet', 'aliquam sit amet diam in magna bibendum imperdiet', '2020-02-18 16:06:21', null, true, 33, 24, 17);
insert into issue (id, name, description, creation_date, due_date, is_completed, issue_list_id, author_id, complete_id) values (401, 'eros viverra', 'ut nunc vestibulum ante ipsum primis in faucibus', '2019-07-01 01:01:01', null, true, 73, 20, 10);
insert into issue (id, name, description, creation_date, due_date, is_completed, issue_list_id, author_id, complete_id) values (402, 'mi pede malesuada', 'lacus at turpis donec posuere', '2019-09-29 17:48:19', null, false, 41, 16, null);
insert into issue (id, name, description, creation_date, due_date, is_completed, issue_list_id, author_id, complete_id) values (403, 'posuere cubilia curae', 'in tempus sit amet sem fusce consequat nulla', '2019-08-03 14:34:38', null, true, 19, 10, 4);
insert into issue (id, name, description, creation_date, due_date, is_completed, issue_list_id, author_id, complete_id) values (404, 'viverra dapibus', 'in eleifend quam a odio in', '2019-05-13 09:43:28', null, true, 6, 8, 30);
insert into issue (id, name, description, creation_date, due_date, is_completed, issue_list_id, author_id, complete_id) values (405, 'consequat', 'rhoncus mauris enim leo rhoncus', '2019-07-17 23:57:01', null, true, 94, 13, 8);
insert into issue (id, name, description, creation_date, due_date, is_completed, issue_list_id, author_id, complete_id) values (406, 'dictumst morbi vestibulum', 'et magnis dis', '2019-04-18 12:28:58', null, true, 50, 17, 1);
insert into issue (id, name, description, creation_date, due_date, is_completed, issue_list_id, author_id, complete_id) values (407, 'enim', 'hendrerit at vulputate vitae nisl', '2020-03-16 18:27:00', null, false, 26, 1, null);
insert into issue (id, name, description, creation_date, due_date, is_completed, issue_list_id, author_id, complete_id) values (408, 'ligula vehicula consequat', 'eleifend pede libero', '2020-02-08 12:33:40', null, true, 3, 27, 1);
insert into issue (id, name, description, creation_date, due_date, is_completed, issue_list_id, author_id, complete_id) values (409, 'donec dapibus duis', 'ultrices libero non', '2019-06-26 20:59:14', null, false, 11, 28, null);
insert into issue (id, name, description, creation_date, due_date, is_completed, issue_list_id, author_id, complete_id) values (410, 'tellus semper interdum', 'nullam porttitor lacus at', '2019-05-30 23:24:45', null, false, 84, 17, null);
insert into issue (id, name, description, creation_date, due_date, is_completed, issue_list_id, author_id, complete_id) values (411, 'vitae', 'enim lorem ipsum dolor', '2019-09-20 12:44:01', null, false, 85, 13, null);
insert into issue (id, name, description, creation_date, due_date, is_completed, issue_list_id, author_id, complete_id) values (412, 'lectus aliquam', 'phasellus sit amet', '2019-12-10 12:03:38', null, true, 46, 9, 16);
insert into issue (id, name, description, creation_date, due_date, is_completed, issue_list_id, author_id, complete_id) values (413, 'morbi ut odio', 'elementum ligula vehicula consequat morbi a ipsum integer', '2020-02-16 17:33:43', null, true, 56, 13, 10);
insert into issue (id, name, description, creation_date, due_date, is_completed, issue_list_id, author_id, complete_id) values (414, 'mi integer ac', 'amet lobortis sapien sapien', '2019-05-20 19:15:48', null, false, 28, 21, null);
insert into issue (id, name, description, creation_date, due_date, is_completed, issue_list_id, author_id, complete_id) values (415, 'nulla', 'vestibulum velit id pretium iaculis diam erat', '2020-01-17 08:09:36', null, true, 27, 9, 15);
insert into issue (id, name, description, creation_date, due_date, is_completed, issue_list_id, author_id, complete_id) values (416, 'pellentesque', 'dis parturient montes nascetur ridiculus mus vivamus', '2019-11-01 05:44:14', null, true, 33, 3, 20);
insert into issue (id, name, description, creation_date, due_date, is_completed, issue_list_id, author_id, complete_id) values (417, 'viverra dapibus nulla', 'amet diam in magna', '2020-02-02 17:46:55', null, false, 60, 16, null);
insert into issue (id, name, description, creation_date, due_date, is_completed, issue_list_id, author_id, complete_id) values (418, 'nisl duis', 'sapien sapien non mi integer', '2019-05-24 21:22:46', null, false, 64, 19, null);
insert into issue (id, name, description, creation_date, due_date, is_completed, issue_list_id, author_id, complete_id) values (419, 'ipsum', 'primis in faucibus', '2020-02-03 06:07:21', null, false, 1, 18, null);
insert into issue (id, name, description, creation_date, due_date, is_completed, issue_list_id, author_id, complete_id) values (420, 'gravida', 'rhoncus aliquet pulvinar sed nisl', '2019-08-15 13:56:39', null, false, 15, 29, null);
insert into issue (id, name, description, creation_date, due_date, is_completed, issue_list_id, author_id, complete_id) values (421, 'non ligula pellentesque', 'aliquet at feugiat non pretium quis lectus', '2019-08-22 18:29:26', null, true, 55, 21, 25);
insert into issue (id, name, description, creation_date, due_date, is_completed, issue_list_id, author_id, complete_id) values (422, 'nunc', 'aliquam quis turpis eget elit sodales scelerisque', '2020-02-23 07:14:03', null, true, 79, 14, 22);
insert into issue (id, name, description, creation_date, due_date, is_completed, issue_list_id, author_id, complete_id) values (423, 'duis ac', 'a pede posuere nonummy integer', '2019-11-26 04:52:53', null, false, 21, 7, null);
insert into issue (id, name, description, creation_date, due_date, is_completed, issue_list_id, author_id, complete_id) values (424, 'lobortis est phasellus', 'dignissim vestibulum vestibulum', '2019-08-29 16:38:11', null, false, 63, 1, null);
insert into issue (id, name, description, creation_date, due_date, is_completed, issue_list_id, author_id, complete_id) values (425, 'orci', 'metus arcu adipiscing', '2019-11-29 18:50:38', null, true, 6, 30, 30);
insert into issue (id, name, description, creation_date, due_date, is_completed, issue_list_id, author_id, complete_id) values (426, 'sapien', 'pede justo lacinia eget tincidunt eget tempus vel', '2019-06-12 02:22:36', null, false, 85, 25, null);
insert into issue (id, name, description, creation_date, due_date, is_completed, issue_list_id, author_id, complete_id) values (427, 'ac neque duis', 'nulla tellus in sagittis dui vel nisl', '2019-06-20 09:28:41', null, true, 96, 21, 24);
insert into issue (id, name, description, creation_date, due_date, is_completed, issue_list_id, author_id, complete_id) values (428, 'rutrum', 'ipsum primis in', '2020-02-26 23:14:34', null, false, 83, 16, null);
insert into issue (id, name, description, creation_date, due_date, is_completed, issue_list_id, author_id, complete_id) values (429, 'sit amet', 'quis orci nullam molestie', '2019-10-01 05:24:58', null, true, 29, 6, 21);
insert into issue (id, name, description, creation_date, due_date, is_completed, issue_list_id, author_id, complete_id) values (430, 'mollis molestie', 'mi integer ac neque duis', '2019-09-24 03:57:03', null, true, 74, 18, 17);
insert into issue (id, name, description, creation_date, due_date, is_completed, issue_list_id, author_id, complete_id) values (431, 'luctus tincidunt', 'ac est lacinia nisi venenatis tristique fusce', '2020-01-21 12:03:04', null, false, 77, 9, null);
insert into issue (id, name, description, creation_date, due_date, is_completed, issue_list_id, author_id, complete_id) values (432, 'ante ipsum', 'duis faucibus accumsan odio curabitur', '2020-01-03 21:46:24', null, false, 11, 20, null);
insert into issue (id, name, description, creation_date, due_date, is_completed, issue_list_id, author_id, complete_id) values (433, 'nulla nunc', 'orci luctus et', '2020-01-15 01:28:33', null, true, 90, 28, 22);
insert into issue (id, name, description, creation_date, due_date, is_completed, issue_list_id, author_id, complete_id) values (434, 'faucibus cursus urna', 'ac lobortis vel', '2019-06-17 02:09:05', null, true, 68, 27, 1);
insert into issue (id, name, description, creation_date, due_date, is_completed, issue_list_id, author_id, complete_id) values (435, 'velit', 'vestibulum ac est lacinia nisi', '2019-08-19 15:21:58', null, false, 37, 6, null);
insert into issue (id, name, description, creation_date, due_date, is_completed, issue_list_id, author_id, complete_id) values (436, 'integer ac leo', 'in sagittis dui vel nisl', '2019-05-10 12:04:07', null, false, 18, 18, null);
insert into issue (id, name, description, creation_date, due_date, is_completed, issue_list_id, author_id, complete_id) values (437, 'tellus nisi', 'enim lorem ipsum dolor', '2019-09-07 12:42:46', null, false, 4, 6, null);
insert into issue (id, name, description, creation_date, due_date, is_completed, issue_list_id, author_id, complete_id) values (438, 'venenatis', 'consequat in consequat ut nulla', '2019-08-24 11:39:27', null, true, 15, 9, 10);
insert into issue (id, name, description, creation_date, due_date, is_completed, issue_list_id, author_id, complete_id) values (439, 'in', 'amet erat nulla', '2019-04-16 04:16:12', null, false, 64, 3, null);
insert into issue (id, name, description, creation_date, due_date, is_completed, issue_list_id, author_id, complete_id) values (440, 'hac', 'nulla sed vel enim', '2019-08-19 01:07:15', null, true, 73, 16, 13);
insert into issue (id, name, description, creation_date, due_date, is_completed, issue_list_id, author_id, complete_id) values (441, 'nec nisi volutpat', 'leo odio condimentum', '2019-07-23 15:51:46', null, true, 36, 8, 20);
insert into issue (id, name, description, creation_date, due_date, is_completed, issue_list_id, author_id, complete_id) values (442, 'congue', 'velit id pretium', '2020-02-09 13:49:36', null, true, 95, 12, 23);
insert into issue (id, name, description, creation_date, due_date, is_completed, issue_list_id, author_id, complete_id) values (443, 'nulla ac', 'lorem integer tincidunt ante vel ipsum praesent blandit', '2019-06-02 02:51:52', null, true, 34, 28, 30);
insert into issue (id, name, description, creation_date, due_date, is_completed, issue_list_id, author_id, complete_id) values (444, 'purus phasellus', 'diam erat fermentum justo nec', '2019-12-10 22:52:20', null, false, 59, 19, null);
insert into issue (id, name, description, creation_date, due_date, is_completed, issue_list_id, author_id, complete_id) values (445, 'blandit', 'ipsum aliquam non mauris morbi non', '2019-12-12 00:47:38', null, true, 99, 19, 23);
insert into issue (id, name, description, creation_date, due_date, is_completed, issue_list_id, author_id, complete_id) values (446, 'pellentesque', 'ut massa quis augue luctus tincidunt', '2019-10-19 22:24:58', null, false, 58, 26, null);
insert into issue (id, name, description, creation_date, due_date, is_completed, issue_list_id, author_id, complete_id) values (447, 'potenti in', 'scelerisque mauris sit amet eros suspendisse', '2020-02-25 23:26:39', null, false, 99, 27, null);
insert into issue (id, name, description, creation_date, due_date, is_completed, issue_list_id, author_id, complete_id) values (448, 'ligula', 'nec nisi volutpat eleifend donec ut', '2019-11-11 03:22:17', null, true, 37, 14, 20);
insert into issue (id, name, description, creation_date, due_date, is_completed, issue_list_id, author_id, complete_id) values (449, 'eu', 'luctus et ultrices posuere cubilia curae donec', '2019-09-21 20:21:21', null, false, 76, 14, null);
insert into issue (id, name, description, creation_date, due_date, is_completed, issue_list_id, author_id, complete_id) values (450, 'eu interdum eu', 'massa tempor convallis nulla neque libero', '2020-01-26 09:12:00', null, true, 48, 8, 12);
insert into issue (id, name, description, creation_date, due_date, is_completed, issue_list_id, author_id, complete_id) values (451, 'a feugiat et', 'sem mauris laoreet', '2019-12-12 19:55:06', null, false, 11, 17, null);
insert into issue (id, name, description, creation_date, due_date, is_completed, issue_list_id, author_id, complete_id) values (452, 'vestibulum', 'in tempus sit', '2019-09-26 09:23:59', null, true, 89, 13, 16);
insert into issue (id, name, description, creation_date, due_date, is_completed, issue_list_id, author_id, complete_id) values (453, 'quis augue luctus', 'vel nisl duis ac nibh fusce lacus', '2019-06-04 19:55:33', null, false, 85, 19, null);
insert into issue (id, name, description, creation_date, due_date, is_completed, issue_list_id, author_id, complete_id) values (454, 'est', 'vestibulum ac est', '2019-08-05 14:52:36', null, true, 5, 29, 14);
insert into issue (id, name, description, creation_date, due_date, is_completed, issue_list_id, author_id, complete_id) values (455, 'elit', 'posuere felis sed lacus morbi sem mauris', '2019-08-13 22:52:55', null, false, 85, 7, null);
insert into issue (id, name, description, creation_date, due_date, is_completed, issue_list_id, author_id, complete_id) values (456, 'vulputate', 'elementum eu interdum', '2020-02-22 14:59:47', null, true, 75, 2, 19);
insert into issue (id, name, description, creation_date, due_date, is_completed, issue_list_id, author_id, complete_id) values (457, 'mi in', 'mauris non ligula pellentesque ultrices', '2020-01-04 09:48:48', null, false, 95, 28, null);
insert into issue (id, name, description, creation_date, due_date, is_completed, issue_list_id, author_id, complete_id) values (458, 'consequat', 'velit nec nisi vulputate nonummy maecenas', '2019-11-27 23:37:02', null, false, 1, 30, null);
insert into issue (id, name, description, creation_date, due_date, is_completed, issue_list_id, author_id, complete_id) values (459, 'ante nulla justo', 'pellentesque at nulla suspendisse', '2019-05-26 07:41:54', null, false, 50, 24, null);
insert into issue (id, name, description, creation_date, due_date, is_completed, issue_list_id, author_id, complete_id) values (460, 'vestibulum', 'non mauris morbi', '2019-04-06 17:51:30', null, true, 74, 8, 29);
insert into issue (id, name, description, creation_date, due_date, is_completed, issue_list_id, author_id, complete_id) values (461, 'at', 'sit amet eros suspendisse accumsan', '2019-05-12 04:27:38', null, false, 12, 19, null);
insert into issue (id, name, description, creation_date, due_date, is_completed, issue_list_id, author_id, complete_id) values (462, 'luctus', 'maecenas tristique est et', '2019-07-21 08:18:41', null, false, 10, 18, null);
insert into issue (id, name, description, creation_date, due_date, is_completed, issue_list_id, author_id, complete_id) values (463, 'tincidunt in leo', 'vestibulum rutrum rutrum', '2019-10-02 18:47:49', null, false, 54, 28, null);
insert into issue (id, name, description, creation_date, due_date, is_completed, issue_list_id, author_id, complete_id) values (464, 'aliquam erat', 'non ligula pellentesque', '2020-01-05 04:33:09', null, false, 19, 6, null);
insert into issue (id, name, description, creation_date, due_date, is_completed, issue_list_id, author_id, complete_id) values (465, 'eros viverra eget', 'a feugiat et eros vestibulum ac est', '2019-11-07 08:50:40', null, false, 7, 17, null);
insert into issue (id, name, description, creation_date, due_date, is_completed, issue_list_id, author_id, complete_id) values (466, 'nisi venenatis tristique', 'in libero ut massa volutpat', '2019-08-24 00:51:03', null, true, 59, 18, 27);
insert into issue (id, name, description, creation_date, due_date, is_completed, issue_list_id, author_id, complete_id) values (467, 'justo sollicitudin', 'praesent blandit lacinia erat vestibulum sed', '2019-11-23 12:00:30', null, true, 4, 18, 14);
insert into issue (id, name, description, creation_date, due_date, is_completed, issue_list_id, author_id, complete_id) values (468, 'hendrerit at vulputate', 'gravida sem praesent id massa id', '2020-03-27 20:26:40', null, false, 56, 27, null);
insert into issue (id, name, description, creation_date, due_date, is_completed, issue_list_id, author_id, complete_id) values (469, 'sem praesent id', 'mattis egestas metus aenean', '2019-07-04 10:30:38', null, false, 75, 22, null);
insert into issue (id, name, description, creation_date, due_date, is_completed, issue_list_id, author_id, complete_id) values (470, 'tortor', 'aliquet at feugiat non pretium', '2019-11-07 14:39:57', null, true, 53, 25, 29);
insert into issue (id, name, description, creation_date, due_date, is_completed, issue_list_id, author_id, complete_id) values (471, 'vel', 'fermentum justo nec condimentum', '2019-09-26 04:10:39', null, true, 74, 5, 29);
insert into issue (id, name, description, creation_date, due_date, is_completed, issue_list_id, author_id, complete_id) values (472, 'nullam orci pede', 'duis bibendum morbi non quam nec', '2019-07-31 17:36:55', null, true, 39, 20, 17);
insert into issue (id, name, description, creation_date, due_date, is_completed, issue_list_id, author_id, complete_id) values (473, 'in tempus sit', 'luctus et ultrices', '2019-07-03 14:57:42', null, false, 45, 8, null);
insert into issue (id, name, description, creation_date, due_date, is_completed, issue_list_id, author_id, complete_id) values (474, 'dolor quis', 'mi nulla ac enim in tempor', '2019-09-26 20:49:53', null, false, 4, 13, null);
insert into issue (id, name, description, creation_date, due_date, is_completed, issue_list_id, author_id, complete_id) values (475, 'pellentesque', 'vitae nisl aenean lectus pellentesque eget nunc', '2020-01-16 12:44:56', null, true, 37, 15, 2);
insert into issue (id, name, description, creation_date, due_date, is_completed, issue_list_id, author_id, complete_id) values (476, 'turpis', 'diam vitae quam', '2019-07-06 14:42:07', null, true, 78, 20, 20);
insert into issue (id, name, description, creation_date, due_date, is_completed, issue_list_id, author_id, complete_id) values (477, 'neque libero convallis', 'rutrum neque aenean auctor gravida sem praesent', '2019-04-29 02:32:47', null, false, 99, 27, null);
insert into issue (id, name, description, creation_date, due_date, is_completed, issue_list_id, author_id, complete_id) values (478, 'ut', 'in faucibus orci luctus et', '2020-01-23 04:21:34', null, false, 21, 27, null);
insert into issue (id, name, description, creation_date, due_date, is_completed, issue_list_id, author_id, complete_id) values (479, 'dis parturient montes', 'justo lacinia eget tincidunt eget tempus vel pede', '2019-12-27 05:57:57', null, false, 41, 19, null);
insert into issue (id, name, description, creation_date, due_date, is_completed, issue_list_id, author_id, complete_id) values (480, 'sit amet', 'et ultrices posuere', '2019-05-26 16:22:53', null, true, 66, 26, 9);
insert into issue (id, name, description, creation_date, due_date, is_completed, issue_list_id, author_id, complete_id) values (481, 'id consequat', 'malesuada in imperdiet et', '2019-08-16 16:36:44', null, false, 74, 16, null);
insert into issue (id, name, description, creation_date, due_date, is_completed, issue_list_id, author_id, complete_id) values (482, 'vitae ipsum', 'ipsum aliquam non mauris morbi', '2019-08-26 05:44:12', null, true, 97, 6, 23);
insert into issue (id, name, description, creation_date, due_date, is_completed, issue_list_id, author_id, complete_id) values (483, 'tortor', 'sed tincidunt eu felis', '2019-09-23 01:30:09', null, false, 64, 22, null);
insert into issue (id, name, description, creation_date, due_date, is_completed, issue_list_id, author_id, complete_id) values (484, 'interdum', 'nulla tempus vivamus in felis', '2019-06-22 18:17:59', null, true, 26, 24, 20);
insert into issue (id, name, description, creation_date, due_date, is_completed, issue_list_id, author_id, complete_id) values (485, 'donec pharetra', 'cum sociis natoque penatibus', '2019-07-21 03:58:18', null, true, 15, 19, 17);
insert into issue (id, name, description, creation_date, due_date, is_completed, issue_list_id, author_id, complete_id) values (486, 'nulla eget', 'duis bibendum morbi non quam', '2019-04-28 09:37:59', null, false, 9, 28, null);
insert into issue (id, name, description, creation_date, due_date, is_completed, issue_list_id, author_id, complete_id) values (487, 'tempor', 'consequat varius integer', '2019-07-13 01:50:58', null, false, 28, 12, null);
insert into issue (id, name, description, creation_date, due_date, is_completed, issue_list_id, author_id, complete_id) values (488, 'erat tortor', 'eros elementum pellentesque quisque', '2019-09-21 10:38:30', null, false, 38, 2, null);
insert into issue (id, name, description, creation_date, due_date, is_completed, issue_list_id, author_id, complete_id) values (489, 'nibh in quis', 'eu tincidunt in leo maecenas pulvinar', '2019-09-26 05:23:11', null, true, 35, 27, 21);
insert into issue (id, name, description, creation_date, due_date, is_completed, issue_list_id, author_id, complete_id) values (490, 'curae duis faucibus', 'penatibus et magnis dis parturient montes nascetur', '2020-03-15 13:14:09', null, true, 1, 16, 16);
insert into issue (id, name, description, creation_date, due_date, is_completed, issue_list_id, author_id, complete_id) values (491, 'tellus semper interdum', 'mi pede malesuada in imperdiet et commodo', '2019-07-20 08:04:20', null, false, 43, 5, null);
insert into issue (id, name, description, creation_date, due_date, is_completed, issue_list_id, author_id, complete_id) values (492, 'integer ac leo', 'dis parturient montes nascetur ridiculus', '2019-08-21 18:36:04', null, false, 2, 10, null);
insert into issue (id, name, description, creation_date, due_date, is_completed, issue_list_id, author_id, complete_id) values (493, 'convallis nulla neque', 'velit donec diam neque vestibulum eget vulputate ut', '2019-08-05 17:38:18', null, false, 22, 18, null);
insert into issue (id, name, description, creation_date, due_date, is_completed, issue_list_id, author_id, complete_id) values (494, 'consequat', 'dui maecenas tristique est et tempus semper est', '2019-04-15 00:37:46', null, true, 91, 28, 14);
insert into issue (id, name, description, creation_date, due_date, is_completed, issue_list_id, author_id, complete_id) values (495, 'dapibus', 'ultrices posuere cubilia', '2019-07-10 23:36:10', null, true, 48, 27, 3);
insert into issue (id, name, description, creation_date, due_date, is_completed, issue_list_id, author_id, complete_id) values (496, 'non sodales', 'lacinia sapien quis libero', '2019-07-29 03:21:11', null, true, 15, 25, 20);
insert into issue (id, name, description, creation_date, due_date, is_completed, issue_list_id, author_id, complete_id) values (497, 'velit nec', 'aenean auctor gravida sem praesent', '2020-03-26 21:45:27', null, false, 19, 26, null);
insert into issue (id, name, description, creation_date, due_date, is_completed, issue_list_id, author_id, complete_id) values (498, 'pretium quis', 'auctor gravida sem praesent id massa', '2019-08-05 08:07:50', null, false, 4, 29, null);
insert into issue (id, name, description, creation_date, due_date, is_completed, issue_list_id, author_id, complete_id) values (499, 'amet', 'mattis egestas metus', '2019-12-17 09:46:03', null, false, 54, 20, null);
insert into issue (id, name, description, creation_date, due_date, is_completed, issue_list_id, author_id, complete_id) values (500, 'suscipit', 'mauris enim leo rhoncus sed vestibulum', '2020-03-08 05:10:13', null, false, 91, 17, null);

insert into "comment" (id, content, creation_date, issue_id, user_id) values (1, 'congue eget semper rutrum nulla', '2019-04-01 14:22:36', 456, 12);
insert into "comment" (id, content, creation_date, issue_id, user_id) values (2, 'etiam justo etiam', '2019-12-08 07:03:27', 487, 4);
insert into "comment" (id, content, creation_date, issue_id, user_id) values (3, 'massa id lobortis convallis tortor risus dapibus augue vel accumsan tellus nisi eu orci mauris lacinia sapien quis libero nullam sit amet turpis elementum ligula vehicula consequat morbi', '2019-10-22 02:40:57', 137, 1);
insert into "comment" (id, content, creation_date, issue_id, user_id) values (4, 'pellentesque quisque porta volutpat erat quisque erat eros viverra eget congue eget semper rutrum nulla nunc purus phasellus in felis donec semper sapien a libero nam dui proin leo odio', '2019-08-29 01:23:28', 170, 3);
insert into "comment" (id, content, creation_date, issue_id, user_id) values (5, 'quam a odio in hac habitasse', '2020-02-13 01:07:48', 295, 2);
insert into "comment" (id, content, creation_date, issue_id, user_id) values (6, 'maecenas pulvinar lobortis est phasellus sit amet erat nulla tempus vivamus in felis eu sapien cursus vestibulum proin eu mi nulla ac enim in tempor', '2019-07-19 02:17:01', 77, 27);
insert into "comment" (id, content, creation_date, issue_id, user_id) values (7, 'non sodales sed tincidunt eu felis fusce posuere', '2019-05-10 20:23:31', 125, 24);
insert into "comment" (id, content, creation_date, issue_id, user_id) values (8, 'sem mauris laoreet ut rhoncus aliquet pulvinar sed nisl nunc rhoncus', '2019-04-28 12:28:09', 77, 21);
insert into "comment" (id, content, creation_date, issue_id, user_id) values (9, 'faucibus orci luctus et ultrices posuere cubilia curae nulla dapibus dolor vel est donec odio justo sollicitudin ut suscipit a feugiat et eros', '2019-07-24 07:41:56', 94, 9);
insert into "comment" (id, content, creation_date, issue_id, user_id) values (10, 'quisque ut erat curabitur gravida nisi at nibh in hac habitasse platea dictumst aliquam augue quam sollicitudin vitae consectetuer eget rutrum at lorem integer tincidunt ante vel ipsum praesent', '2019-11-08 13:07:44', 169, 11);
insert into "comment" (id, content, creation_date, issue_id, user_id) values (11, 'pulvinar sed nisl nunc rhoncus dui vel sem sed sagittis nam congue risus semper porta volutpat quam pede lobortis ligula sit amet eleifend', '2019-03-28 14:05:48', 102, 13);
insert into "comment" (id, content, creation_date, issue_id, user_id) values (12, 'fusce posuere felis sed lacus morbi sem mauris laoreet ut rhoncus aliquet pulvinar sed nisl', '2019-06-17 13:22:02', 268, 19);
insert into "comment" (id, content, creation_date, issue_id, user_id) values (13, 'donec vitae nisi nam ultrices libero non mattis pulvinar nulla pede ullamcorper augue a suscipit nulla elit ac nulla', '2019-10-31 02:46:43', 55, 20);
insert into "comment" (id, content, creation_date, issue_id, user_id) values (14, 'nisl duis ac nibh fusce lacus purus aliquet at feugiat non pretium quis lectus suspendisse potenti in eleifend quam a odio in hac habitasse platea', '2020-03-02 08:08:49', 451, 23);
insert into "comment" (id, content, creation_date, issue_id, user_id) values (15, 'pretium nisl ut volutpat sapien arcu sed augue aliquam', '2019-05-16 07:23:09', 290, 2);
insert into "comment" (id, content, creation_date, issue_id, user_id) values (16, 'duis mattis egestas metus aenean', '2020-03-17 06:57:57', 153, 25);
insert into "comment" (id, content, creation_date, issue_id, user_id) values (17, 'aenean auctor gravida sem praesent id massa id', '2019-07-13 03:37:12', 213, 13);
insert into "comment" (id, content, creation_date, issue_id, user_id) values (18, 'faucibus orci luctus et ultrices posuere cubilia curae donec pharetra magna vestibulum aliquet ultrices erat tortor sollicitudin mi sit amet lobortis sapien sapien non mi integer ac neque', '2019-08-15 22:44:56', 338, 5);
insert into "comment" (id, content, creation_date, issue_id, user_id) values (19, 'sit amet justo morbi ut odio cras mi pede malesuada in imperdiet et commodo vulputate', '2019-05-18 09:07:03', 360, 9);
insert into "comment" (id, content, creation_date, issue_id, user_id) values (20, 'libero quis orci nullam molestie nibh in lectus pellentesque at nulla suspendisse potenti cras in purus eu magna vulputate luctus cum sociis natoque penatibus', '2019-12-27 00:12:54', 365, 24);
insert into "comment" (id, content, creation_date, issue_id, user_id) values (21, 'dapibus nulla', '2020-01-16 04:16:27', 407, 12);
insert into "comment" (id, content, creation_date, issue_id, user_id) values (22, 'non mattis pulvinar nulla pede ullamcorper augue a suscipit nulla elit ac', '2020-03-14 23:11:17', 479, 10);
insert into "comment" (id, content, creation_date, issue_id, user_id) values (23, 'eget eros elementum pellentesque quisque porta volutpat erat quisque erat eros', '2019-05-10 17:34:35', 16, 7);
insert into "comment" (id, content, creation_date, issue_id, user_id) values (24, 'sed ante vivamus tortor duis mattis egestas metus aenean fermentum donec ut mauris eget massa tempor convallis nulla neque libero convallis eget eleifend luctus ultricies eu nibh', '2019-08-28 10:59:29', 451, 2);
insert into "comment" (id, content, creation_date, issue_id, user_id) values (25, 'non mi integer ac neque duis bibendum morbi non quam nec dui luctus rutrum nulla tellus in sagittis dui vel nisl', '2020-01-05 14:53:26', 239, 6);
insert into "comment" (id, content, creation_date, issue_id, user_id) values (26, 'diam vitae quam suspendisse potenti nullam porttitor lacus at turpis donec posuere metus vitae ipsum aliquam non mauris morbi non lectus', '2019-12-25 09:37:57', 496, 14);
insert into "comment" (id, content, creation_date, issue_id, user_id) values (27, 'vestibulum quam sapien varius ut blandit non interdum in ante vestibulum ante ipsum primis in faucibus orci luctus et ultrices posuere cubilia curae duis faucibus accumsan odio curabitur convallis duis', '2019-04-28 11:56:42', 165, 4);
insert into "comment" (id, content, creation_date, issue_id, user_id) values (28, 'vehicula condimentum curabitur in libero ut massa volutpat convallis morbi odio odio elementum eu interdum eu tincidunt in leo', '2019-11-29 14:49:39', 31, 8);
insert into "comment" (id, content, creation_date, issue_id, user_id) values (29, 'in faucibus orci luctus et ultrices posuere', '2019-05-05 23:42:53', 481, 15);
insert into "comment" (id, content, creation_date, issue_id, user_id) values (30, 'posuere felis sed lacus morbi sem mauris laoreet ut rhoncus aliquet pulvinar sed nisl nunc rhoncus dui vel sem', '2020-03-11 12:23:41', 484, 14);
insert into "comment" (id, content, creation_date, issue_id, user_id) values (31, 'sit amet lobortis sapien sapien non mi integer ac neque duis', '2019-03-31 00:17:59', 384, 3);
insert into "comment" (id, content, creation_date, issue_id, user_id) values (32, 'sit amet nunc viverra dapibus nulla suscipit ligula in lacus curabitur at ipsum ac tellus semper interdum mauris ullamcorper purus sit amet nulla quisque arcu libero rutrum', '2019-09-17 17:41:35', 198, 12);
insert into "comment" (id, content, creation_date, issue_id, user_id) values (33, 'erat id mauris vulputate elementum nullam varius nulla facilisi', '2019-08-15 08:34:34', 21, 26);
insert into "comment" (id, content, creation_date, issue_id, user_id) values (34, 'sed accumsan felis ut at dolor quis odio consequat varius integer ac leo pellentesque ultrices mattis odio donec vitae nisi nam ultrices libero non mattis pulvinar nulla pede', '2020-03-25 11:51:20', 411, 15);
insert into "comment" (id, content, creation_date, issue_id, user_id) values (35, 'vel nulla eget eros elementum pellentesque quisque porta volutpat', '2019-04-25 06:52:39', 163, 18);
insert into "comment" (id, content, creation_date, issue_id, user_id) values (36, 'porta volutpat erat quisque erat eros viverra eget congue eget', '2019-09-17 08:55:35', 264, 1);
insert into "comment" (id, content, creation_date, issue_id, user_id) values (37, 'donec pharetra magna vestibulum aliquet ultrices erat tortor sollicitudin mi sit amet lobortis sapien sapien non mi integer ac neque duis bibendum morbi non quam nec dui luctus rutrum nulla', '2020-01-02 05:12:13', 183, 12);
insert into "comment" (id, content, creation_date, issue_id, user_id) values (38, 'vivamus vestibulum sagittis sapien cum sociis natoque penatibus et magnis dis parturient montes nascetur ridiculus mus etiam', '2019-07-01 19:02:07', 33, 16);
insert into "comment" (id, content, creation_date, issue_id, user_id) values (39, 'in hac habitasse platea dictumst etiam faucibus cursus urna ut tellus nulla ut erat id mauris vulputate elementum nullam varius nulla facilisi cras non velit nec nisi vulputate', '2019-07-22 05:28:42', 292, 30);
insert into "comment" (id, content, creation_date, issue_id, user_id) values (40, 'eu tincidunt in leo maecenas pulvinar lobortis est phasellus', '2020-03-07 15:05:32', 258, 5);
insert into "comment" (id, content, creation_date, issue_id, user_id) values (41, 'dolor vel est donec', '2019-04-25 18:07:16', 359, 13);
insert into "comment" (id, content, creation_date, issue_id, user_id) values (42, 'quam nec dui luctus rutrum nulla tellus in sagittis dui vel nisl duis ac nibh fusce lacus purus aliquet at feugiat non pretium quis lectus suspendisse', '2019-11-04 11:25:02', 409, 27);
insert into "comment" (id, content, creation_date, issue_id, user_id) values (43, 'vestibulum vestibulum ante ipsum primis in faucibus orci', '2019-05-12 12:00:40', 352, 15);
insert into "comment" (id, content, creation_date, issue_id, user_id) values (44, 'pharetra magna vestibulum aliquet ultrices erat tortor sollicitudin mi sit amet lobortis sapien sapien non mi integer ac neque duis bibendum morbi', '2020-02-20 10:51:25', 175, 22);
insert into "comment" (id, content, creation_date, issue_id, user_id) values (45, 'nunc commodo placerat praesent blandit nam nulla integer pede justo lacinia eget tincidunt eget tempus vel pede', '2019-10-25 15:01:49', 385, 17);
insert into "comment" (id, content, creation_date, issue_id, user_id) values (46, 'quisque porta volutpat erat quisque erat eros viverra eget congue eget semper rutrum nulla nunc purus phasellus in felis donec semper sapien a libero', '2019-10-21 02:35:50', 82, 18);
insert into "comment" (id, content, creation_date, issue_id, user_id) values (47, 'diam cras pellentesque volutpat dui maecenas tristique est et tempus semper est quam pharetra magna ac consequat metus sapien ut nunc vestibulum ante ipsum primis in faucibus', '2020-02-26 17:12:39', 64, 25);
insert into "comment" (id, content, creation_date, issue_id, user_id) values (48, 'suspendisse potenti in eleifend quam a odio in hac habitasse platea dictumst maecenas ut massa quis', '2019-04-09 04:46:23', 147, 29);
insert into "comment" (id, content, creation_date, issue_id, user_id) values (49, 'rutrum neque aenean auctor gravida sem praesent id massa id nisl venenatis lacinia aenean sit amet justo morbi ut odio cras mi pede malesuada in imperdiet et commodo', '2019-12-31 19:54:13', 493, 22);
insert into "comment" (id, content, creation_date, issue_id, user_id) values (50, 'aliquet maecenas leo odio condimentum id', '2020-02-25 03:07:54', 423, 30);
insert into "comment" (id, content, creation_date, issue_id, user_id) values (51, 'ligula in lacus', '2020-02-06 12:44:47', 211, 6);
insert into "comment" (id, content, creation_date, issue_id, user_id) values (52, 'mauris lacinia sapien quis libero nullam sit amet turpis elementum ligula vehicula consequat morbi a ipsum integer a nibh in quis justo maecenas rhoncus aliquam lacus', '2019-11-12 18:17:39', 277, 24);
insert into "comment" (id, content, creation_date, issue_id, user_id) values (53, 'tempor convallis nulla neque libero convallis eget eleifend luctus ultricies eu nibh quisque id justo sit amet sapien dignissim vestibulum vestibulum', '2019-06-12 10:09:42', 230, 25);
insert into "comment" (id, content, creation_date, issue_id, user_id) values (54, 'lacinia sapien quis libero nullam sit amet turpis elementum ligula vehicula consequat morbi a ipsum integer a nibh in quis', '2019-06-17 22:43:04', 27, 2);
insert into "comment" (id, content, creation_date, issue_id, user_id) values (55, 'cubilia curae donec pharetra magna vestibulum aliquet ultrices erat tortor sollicitudin mi sit amet lobortis sapien', '2019-09-07 14:53:26', 263, 29);
insert into "comment" (id, content, creation_date, issue_id, user_id) values (56, 'suscipit a feugiat et eros vestibulum ac est lacinia nisi venenatis tristique fusce congue diam id ornare', '2019-08-22 12:46:29', 111, 14);
insert into "comment" (id, content, creation_date, issue_id, user_id) values (57, 'mattis egestas metus aenean fermentum donec ut mauris eget massa tempor convallis nulla neque libero convallis eget eleifend luctus ultricies eu nibh quisque id justo sit amet', '2019-04-06 23:51:12', 323, 11);
insert into "comment" (id, content, creation_date, issue_id, user_id) values (58, 'molestie sed justo pellentesque viverra pede ac diam cras pellentesque volutpat dui maecenas tristique est et', '2019-09-08 01:10:36', 376, 5);
insert into "comment" (id, content, creation_date, issue_id, user_id) values (59, 'et magnis dis parturient montes nascetur', '2019-06-23 15:17:44', 310, 28);
insert into "comment" (id, content, creation_date, issue_id, user_id) values (60, 'habitasse platea dictumst aliquam augue quam sollicitudin vitae consectetuer eget rutrum at lorem integer tincidunt ante vel', '2019-07-14 23:02:05', 416, 23);
insert into "comment" (id, content, creation_date, issue_id, user_id) values (61, 'erat curabitur gravida nisi at nibh in hac habitasse platea dictumst aliquam', '2019-11-24 07:07:45', 261, 19);
insert into "comment" (id, content, creation_date, issue_id, user_id) values (62, 'est donec odio justo sollicitudin ut suscipit a feugiat et', '2019-08-23 03:59:42', 169, 25);
insert into "comment" (id, content, creation_date, issue_id, user_id) values (63, 'etiam justo etiam pretium iaculis justo in hac habitasse platea dictumst etiam faucibus cursus urna ut tellus nulla ut', '2019-11-14 00:04:10', 76, 1);
insert into "comment" (id, content, creation_date, issue_id, user_id) values (64, 'tincidunt in leo maecenas pulvinar lobortis est phasellus sit amet erat nulla tempus vivamus in felis eu sapien cursus vestibulum', '2020-02-19 06:20:37', 215, 5);
insert into "comment" (id, content, creation_date, issue_id, user_id) values (65, 'accumsan tellus nisi eu orci mauris lacinia sapien quis', '2019-06-20 00:23:47', 157, 22);
insert into "comment" (id, content, creation_date, issue_id, user_id) values (66, 'faucibus orci luctus et ultrices posuere cubilia curae mauris', '2019-10-20 08:58:47', 100, 12);
insert into "comment" (id, content, creation_date, issue_id, user_id) values (67, 'et ultrices posuere cubilia curae duis faucibus accumsan odio curabitur convallis duis consequat dui nec nisi volutpat eleifend donec ut dolor morbi vel lectus in quam fringilla', '2019-12-06 19:43:49', 243, 4);
insert into "comment" (id, content, creation_date, issue_id, user_id) values (68, 'massa quis augue luctus tincidunt nulla mollis molestie lorem quisque ut erat curabitur gravida', '2019-06-22 23:54:03', 118, 8);
insert into "comment" (id, content, creation_date, issue_id, user_id) values (69, 'nam dui proin leo odio porttitor id consequat in consequat ut nulla sed accumsan felis ut at dolor quis odio consequat varius integer ac leo pellentesque ultrices mattis odio', '2019-12-06 03:46:33', 446, 18);
insert into "comment" (id, content, creation_date, issue_id, user_id) values (70, 'vulputate justo in blandit ultrices enim', '2019-10-13 10:00:24', 393, 21);
insert into "comment" (id, content, creation_date, issue_id, user_id) values (71, 'ipsum dolor sit amet consectetuer adipiscing elit proin risus praesent lectus vestibulum quam sapien varius ut blandit non interdum in ante vestibulum ante ipsum primis in faucibus orci', '2019-05-21 15:09:52', 369, 21);
insert into "comment" (id, content, creation_date, issue_id, user_id) values (72, 'a ipsum integer a nibh in quis justo maecenas rhoncus aliquam lacus morbi quis tortor id nulla ultrices aliquet maecenas', '2019-04-20 00:27:08', 58, 6);
insert into "comment" (id, content, creation_date, issue_id, user_id) values (73, 'elit proin', '2019-09-19 16:52:30', 69, 8);
insert into "comment" (id, content, creation_date, issue_id, user_id) values (74, 'accumsan felis ut at dolor quis odio consequat varius integer ac leo pellentesque ultrices mattis odio donec vitae nisi nam ultrices libero', '2020-01-17 11:48:10', 365, 9);
insert into "comment" (id, content, creation_date, issue_id, user_id) values (75, 'dis parturient montes nascetur ridiculus mus etiam vel augue vestibulum rutrum rutrum neque', '2019-05-05 05:34:15', 481, 24);
insert into "comment" (id, content, creation_date, issue_id, user_id) values (76, 'sagittis dui vel nisl duis ac nibh fusce lacus purus aliquet at feugiat non', '2019-07-06 01:18:12', 355, 13);
insert into "comment" (id, content, creation_date, issue_id, user_id) values (77, 'non ligula', '2020-02-14 10:57:44', 400, 6);
insert into "comment" (id, content, creation_date, issue_id, user_id) values (78, 'hendrerit at vulputate vitae nisl aenean lectus pellentesque eget nunc', '2019-04-26 04:22:02', 283, 19);
insert into "comment" (id, content, creation_date, issue_id, user_id) values (79, 'sapien ut nunc vestibulum ante ipsum primis in faucibus orci luctus et ultrices posuere', '2019-10-24 22:43:38', 99, 9);
insert into "comment" (id, content, creation_date, issue_id, user_id) values (80, 'nullam orci pede venenatis non sodales sed tincidunt eu felis fusce posuere felis sed lacus morbi sem mauris', '2019-11-30 17:50:41', 417, 20);
insert into "comment" (id, content, creation_date, issue_id, user_id) values (81, 'cubilia curae donec pharetra magna vestibulum aliquet ultrices erat tortor sollicitudin mi sit amet lobortis sapien sapien non mi integer ac neque', '2019-07-22 12:28:10', 370, 14);
insert into "comment" (id, content, creation_date, issue_id, user_id) values (82, 'posuere cubilia curae nulla dapibus dolor vel est donec odio', '2019-12-22 13:32:05', 482, 5);
insert into "comment" (id, content, creation_date, issue_id, user_id) values (83, 'quis turpis sed ante vivamus tortor duis mattis egestas metus aenean fermentum donec', '2019-05-04 23:51:34', 137, 9);
insert into "comment" (id, content, creation_date, issue_id, user_id) values (84, 'justo morbi ut odio cras mi pede malesuada in imperdiet et commodo vulputate justo in blandit ultrices enim lorem ipsum dolor sit', '2019-12-11 08:05:11', 48, 16);
insert into "comment" (id, content, creation_date, issue_id, user_id) values (85, 'at velit eu est congue elementum in hac habitasse platea', '2019-11-07 17:14:09', 450, 9);
insert into "comment" (id, content, creation_date, issue_id, user_id) values (86, 'in blandit ultrices enim lorem ipsum dolor sit amet consectetuer', '2020-02-19 18:13:40', 456, 30);
insert into "comment" (id, content, creation_date, issue_id, user_id) values (87, 'lorem vitae mattis nibh ligula nec sem duis aliquam convallis nunc proin at turpis a pede posuere nonummy integer non velit donec diam neque vestibulum', '2019-05-09 15:22:12', 375, 2);
insert into "comment" (id, content, creation_date, issue_id, user_id) values (88, 'nulla eget eros elementum pellentesque quisque porta volutpat erat quisque erat eros viverra eget congue eget semper rutrum nulla nunc purus', '2019-08-21 02:03:29', 486, 7);
insert into "comment" (id, content, creation_date, issue_id, user_id) values (89, 'leo odio porttitor id consequat in consequat ut', '2019-10-29 20:40:44', 352, 2);
insert into "comment" (id, content, creation_date, issue_id, user_id) values (90, 'justo maecenas rhoncus aliquam lacus morbi quis tortor id nulla ultrices aliquet maecenas leo odio condimentum id luctus', '2019-07-22 10:11:40', 118, 7);
insert into "comment" (id, content, creation_date, issue_id, user_id) values (91, 'at nulla suspendisse potenti cras in purus eu magna vulputate luctus cum sociis natoque penatibus et magnis dis parturient montes nascetur ridiculus mus vivamus vestibulum sagittis sapien', '2019-06-18 07:34:57', 317, 11);
insert into "comment" (id, content, creation_date, issue_id, user_id) values (92, 'eros vestibulum ac est lacinia nisi venenatis tristique fusce congue diam id ornare', '2019-11-18 22:08:50', 349, 13);
insert into "comment" (id, content, creation_date, issue_id, user_id) values (93, 'ac consequat metus sapien ut nunc vestibulum ante ipsum primis in faucibus orci luctus et ultrices posuere cubilia curae mauris', '2019-11-07 14:04:40', 147, 28);
insert into "comment" (id, content, creation_date, issue_id, user_id) values (94, 'imperdiet nullam orci pede venenatis non', '2019-04-13 04:51:16', 263, 6);
insert into "comment" (id, content, creation_date, issue_id, user_id) values (95, 'nunc donec quis orci eget orci vehicula condimentum curabitur in libero ut massa volutpat', '2019-08-26 08:04:02', 160, 26);
insert into "comment" (id, content, creation_date, issue_id, user_id) values (96, 'fusce lacus purus aliquet at feugiat non pretium quis lectus suspendisse potenti in eleifend quam a odio', '2019-04-05 02:56:46', 350, 28);
insert into "comment" (id, content, creation_date, issue_id, user_id) values (97, 'sit amet consectetuer adipiscing elit proin risus praesent lectus vestibulum quam sapien varius ut blandit non interdum in ante vestibulum', '2019-07-08 19:58:29', 296, 1);
insert into "comment" (id, content, creation_date, issue_id, user_id) values (98, 'aliquam erat volutpat in congue etiam justo', '2019-10-23 19:53:56', 154, 10);
insert into "comment" (id, content, creation_date, issue_id, user_id) values (99, 'quisque erat eros viverra eget congue eget semper rutrum nulla nunc purus phasellus in felis', '2019-08-11 18:55:07', 344, 26);
insert into "comment" (id, content, creation_date, issue_id, user_id) values (100, 'bibendum felis sed interdum venenatis turpis enim blandit mi in porttitor pede justo eu massa donec dapibus duis at velit', '2020-03-09 07:40:21', 377, 7);

insert into channel (id, name, description, project_id) values (1, 'vestibulum sagittis sapien', 'volutpat dui maecenas', 29);
insert into channel (id, name, description, project_id) values (2, 'nulla', 'vulputate vitae nisl', 14);
insert into channel (id, name, description, project_id) values (3, 'morbi odio', 'elementum nullam varius', 21);
insert into channel (id, name, description, project_id) values (4, 'nullam porttitor', 'rhoncus aliquam lacus morbi quis tortor id', 27);
insert into channel (id, name, description, project_id) values (5, 'semper', 'vel lectus in', 11);
insert into channel (id, name, description, project_id) values (6, 'dapibus', 'accumsan tortor quis turpis sed ante vivamus', 19);
insert into channel (id, name, description, project_id) values (7, 'non', 'massa volutpat convallis morbi odio odio', 44);
insert into channel (id, name, description, project_id) values (8, 'vestibulum', 'lorem id ligula suspendisse ornare consequat', 44);
insert into channel (id, name, description, project_id) values (9, 'turpis integer', 'eu magna vulputate', 10);
insert into channel (id, name, description, project_id) values (10, 'ligula nec', 'vel accumsan tellus nisi eu orci mauris lacinia', 33);
insert into channel (id, name, description, project_id) values (11, 'quis augue luctus', 'primis in faucibus orci', 13);
insert into channel (id, name, description, project_id) values (12, 'nam', 'leo pellentesque ultrices', 37);
insert into channel (id, name, description, project_id) values (13, 'id', 'iaculis congue vivamus metus', 14);
insert into channel (id, name, description, project_id) values (14, 'nulla', 'ornare consequat lectus in', 10);
insert into channel (id, name, description, project_id) values (15, 'vestibulum', 'dapibus at diam nam tristique tortor eu pede', 36);
insert into channel (id, name, description, project_id) values (16, 'est quam', 'bibendum felis', 40);
insert into channel (id, name, description, project_id) values (17, 'sollicitudin mi sit', 'pede libero quis orci nullam molestie nibh in', 13);
insert into channel (id, name, description, project_id) values (18, 'platea', 'habitasse platea dictumst morbi vestibulum velit', 16);
insert into channel (id, name, description, project_id) values (19, 'eu', 'purus phasellus in felis', 27);
insert into channel (id, name, description, project_id) values (20, 'tempus', 'nibh in quis justo maecenas rhoncus aliquam', 48);
insert into channel (id, name, description, project_id) values (21, 'neque sapien', 'parturient montes nascetur ridiculus', 8);
insert into channel (id, name, description, project_id) values (22, 'ultrices', 'adipiscing molestie hendrerit at vulputate vitae nisl', 47);
insert into channel (id, name, description, project_id) values (23, 'massa volutpat convallis', 'in faucibus orci luctus et ultrices posuere cubilia', 43);
insert into channel (id, name, description, project_id) values (24, 'id turpis integer', 'ligula vehicula consequat morbi a ipsum integer a', 1);
insert into channel (id, name, description, project_id) values (25, 'ridiculus mus vivamus', 'massa donec dapibus duis at velit eu', 25);
insert into channel (id, name, description, project_id) values (26, 'justo', 'ante ipsum primis in faucibus', 36);
insert into channel (id, name, description, project_id) values (27, 'varius integer', 'eget tincidunt eget tempus vel pede morbi porttitor', 13);
insert into channel (id, name, description, project_id) values (28, 'donec', 'diam cras', 3);
insert into channel (id, name, description, project_id) values (29, 'felis sed', 'est phasellus sit amet erat nulla tempus vivamus', 21);
insert into channel (id, name, description, project_id) values (30, 'dolor sit amet', 'justo nec condimentum neque sapien placerat ante nulla', 29);
insert into channel (id, name, description, project_id) values (31, 'erat', 'condimentum curabitur in libero ut massa volutpat', 14);
insert into channel (id, name, description, project_id) values (32, 'diam', 'duis bibendum felis sed', 42);
insert into channel (id, name, description, project_id) values (33, 'a pede posuere', 'convallis tortor risus', 9);
insert into channel (id, name, description, project_id) values (34, 'leo maecenas', 'velit donec', 11);
insert into channel (id, name, description, project_id) values (35, 'vestibulum quam sapien', 'id massa id nisl venenatis lacinia', 35);
insert into channel (id, name, description, project_id) values (36, 'luctus tincidunt nulla', 'vel accumsan tellus', 8);
insert into channel (id, name, description, project_id) values (37, 'sem', 'erat fermentum justo nec condimentum neque', 14);
insert into channel (id, name, description, project_id) values (38, 'turpis a', 'donec odio justo sollicitudin', 24);
insert into channel (id, name, description, project_id) values (39, 'etiam faucibus', 'justo morbi ut', 20);
insert into channel (id, name, description, project_id) values (40, 'auctor sed', 'eu est congue elementum in hac habitasse', 30);
insert into channel (id, name, description, project_id) values (41, 'faucibus accumsan', 'donec ut mauris eget massa tempor', 29);
insert into channel (id, name, description, project_id) values (42, 'erat vestibulum sed', 'quis turpis', 18);
insert into channel (id, name, description, project_id) values (43, 'duis consequat', 'odio curabitur convallis duis consequat', 7);
insert into channel (id, name, description, project_id) values (44, 'vehicula consequat', 'accumsan tortor', 38);
insert into channel (id, name, description, project_id) values (45, 'in hac', 'fermentum donec ut', 49);
insert into channel (id, name, description, project_id) values (46, 'vulputate', 'at velit vivamus vel nulla eget eros', 23);
insert into channel (id, name, description, project_id) values (47, 'nibh in hac', 'dui nec nisi volutpat eleifend donec', 18);
insert into channel (id, name, description, project_id) values (48, 'vel ipsum praesent', 'phasellus id sapien', 37);
insert into channel (id, name, description, project_id) values (49, 'eget nunc donec', 'adipiscing molestie hendrerit at vulputate', 45);
insert into channel (id, name, description, project_id) values (50, 'ornare', 'semper interdum mauris', 16);
insert into channel (id, name, description, project_id) values (51, 'augue', 'augue vestibulum rutrum rutrum neque aenean auctor', 10);
insert into channel (id, name, description, project_id) values (52, 'orci luctus', 'ipsum primis in faucibus orci luctus', 3);
insert into channel (id, name, description, project_id) values (53, 'viverra eget', 'sit amet consectetuer adipiscing elit proin', 23);
insert into channel (id, name, description, project_id) values (54, 'ipsum dolor', 'sapien sapien non', 4);
insert into channel (id, name, description, project_id) values (55, 'luctus', 'nullam sit amet', 33);
insert into channel (id, name, description, project_id) values (56, 'pellentesque', 'justo aliquam quis turpis', 48);
insert into channel (id, name, description, project_id) values (57, 'non ligula', 'nibh fusce lacus', 26);
insert into channel (id, name, description, project_id) values (58, 'nulla nunc purus', 'rutrum nulla nunc', 41);
insert into channel (id, name, description, project_id) values (59, 'vulputate', 'pellentesque ultrices', 34);
insert into channel (id, name, description, project_id) values (60, 'convallis nulla', 'pede lobortis ligula sit amet', 38);

insert into message (id, content, "date", channel_id, user_id) values (1, 'phasellus in felis', '2022-10-06 07:01:19', 48, 4);
insert into message (id, content, "date", channel_id, user_id) values (2, 'pellentesque ultrices phasellus id sapien in sapien iaculis congue vivamus metus', '2022-01-21 09:52:46', 56, 24);
insert into message (id, content, "date", channel_id, user_id) values (3, 'proin risus praesent lectus vestibulum quam sapien varius ut blandit non interdum in ante vestibulum ante', '2021-10-22 06:01:41', 3, 30);
insert into message (id, content, "date", channel_id, user_id) values (4, 'tincidunt in leo maecenas pulvinar lobortis est phasellus sit amet erat nulla', '2021-04-18 05:00:27', 37, 16);
insert into message (id, content, "date", channel_id, user_id) values (5, 'eu est congue elementum in hac habitasse platea dictumst morbi vestibulum velit id pretium iaculis diam erat fermentum justo nec condimentum neque sapien placerat ante', '2022-05-15 21:42:32', 19, 13);
insert into message (id, content, "date", channel_id, user_id) values (6, 'magna vestibulum aliquet ultrices erat tortor sollicitudin mi sit amet', '2022-01-21 02:19:14', 13, 8);
insert into message (id, content, "date", channel_id, user_id) values (7, 'consequat in consequat ut nulla sed', '2020-05-28 16:00:02', 19, 6);
insert into message (id, content, "date", channel_id, user_id) values (8, 'placerat praesent blandit nam nulla integer pede justo lacinia eget tincidunt eget tempus vel pede morbi porttitor lorem id ligula', '2022-01-27 09:33:34', 14, 9);
insert into message (id, content, "date", channel_id, user_id) values (9, 'vehicula condimentum curabitur in libero ut massa volutpat convallis morbi odio odio elementum eu interdum eu tincidunt in leo maecenas pulvinar lobortis', '2021-09-01 18:51:53', 32, 7);
insert into message (id, content, "date", channel_id, user_id) values (10, 'tempus semper est quam pharetra magna ac consequat', '2021-10-30 16:55:08', 25, 15);
insert into message (id, content, "date", channel_id, user_id) values (11, 'iaculis justo in hac habitasse platea dictumst etiam faucibus cursus urna ut tellus nulla ut erat id mauris vulputate elementum nullam', '2020-11-22 06:05:52', 16, 20);
insert into message (id, content, "date", channel_id, user_id) values (12, 'quis justo maecenas rhoncus aliquam lacus morbi quis tortor id nulla ultrices aliquet', '2022-12-05 18:22:43', 48, 14);
insert into message (id, content, "date", channel_id, user_id) values (13, 'ut at dolor quis odio consequat varius integer ac leo pellentesque ultrices mattis odio donec vitae nisi nam', '2022-07-03 08:46:02', 29, 22);
insert into message (id, content, "date", channel_id, user_id) values (14, 'aliquam', '2022-04-09 01:11:33', 43, 24);
insert into message (id, content, "date", channel_id, user_id) values (15, 'sit amet sapien dignissim vestibulum vestibulum ante ipsum primis in faucibus orci luctus et ultrices posuere cubilia curae nulla dapibus', '2020-04-26 17:19:16', 8, 30);
insert into message (id, content, "date", channel_id, user_id) values (16, 'commodo placerat praesent blandit nam nulla integer pede justo lacinia eget tincidunt eget tempus vel pede morbi porttitor lorem id', '2022-05-16 15:16:57', 26, 12);
insert into message (id, content, "date", channel_id, user_id) values (17, 'justo maecenas rhoncus aliquam lacus morbi quis tortor id nulla ultrices', '2020-12-25 09:42:10', 29, 3);
insert into message (id, content, "date", channel_id, user_id) values (18, 'imperdiet nullam orci pede venenatis non sodales sed tincidunt eu felis fusce posuere felis sed lacus morbi sem mauris laoreet ut rhoncus', '2022-11-07 14:55:23', 45, 5);
insert into message (id, content, "date", channel_id, user_id) values (19, 'in tempus sit amet sem fusce consequat nulla nisl nunc nisl duis bibendum felis sed interdum venenatis turpis enim blandit mi in porttitor pede justo', '2021-05-07 22:33:09', 54, 8);
insert into message (id, content, "date", channel_id, user_id) values (20, 'lorem integer tincidunt ante vel ipsum praesent blandit lacinia erat vestibulum sed', '2021-01-26 16:50:05', 45, 18);
insert into message (id, content, "date", channel_id, user_id) values (21, 'sapien placerat ante nulla justo aliquam quis turpis eget elit', '2022-05-09 23:22:40', 15, 25);
insert into message (id, content, "date", channel_id, user_id) values (22, 'erat quisque erat eros viverra eget congue eget semper rutrum nulla nunc purus phasellus in felis donec', '2021-02-09 14:41:33', 53, 16);
insert into message (id, content, "date", channel_id, user_id) values (23, 'lobortis ligula sit amet eleifend pede libero quis', '2021-10-19 00:12:33', 36, 14);
insert into message (id, content, "date", channel_id, user_id) values (24, 'sollicitudin mi sit amet', '2022-05-13 03:16:08', 29, 21);
insert into message (id, content, "date", channel_id, user_id) values (25, 'eleifend pede libero quis orci nullam molestie nibh in lectus pellentesque at nulla suspendisse potenti cras', '2020-08-04 02:52:15', 36, 5);
insert into message (id, content, "date", channel_id, user_id) values (26, 'a ipsum integer a nibh in quis justo maecenas rhoncus aliquam lacus morbi quis tortor id', '2021-09-18 04:26:37', 33, 16);
insert into message (id, content, "date", channel_id, user_id) values (27, 'orci pede venenatis non sodales sed tincidunt eu felis fusce', '2020-09-28 04:14:14', 25, 14);
insert into message (id, content, "date", channel_id, user_id) values (28, 'curabitur in', '2022-09-11 10:02:40', 38, 27);
insert into message (id, content, "date", channel_id, user_id) values (29, 'mi nulla ac enim in tempor turpis nec euismod scelerisque', '2021-07-22 06:12:00', 12, 17);
insert into message (id, content, "date", channel_id, user_id) values (30, 'mi integer ac neque duis bibendum morbi non quam nec dui luctus rutrum nulla tellus in sagittis dui vel nisl duis ac', '2021-05-01 06:25:09', 20, 22);
insert into message (id, content, "date", channel_id, user_id) values (31, 'ultrices erat tortor sollicitudin mi sit amet lobortis sapien sapien non mi integer ac neque duis bibendum morbi non quam nec', '2021-10-01 08:47:13', 34, 22);
insert into message (id, content, "date", channel_id, user_id) values (32, 'eu est congue elementum in hac habitasse platea dictumst morbi vestibulum velit id pretium iaculis diam erat fermentum justo nec condimentum neque sapien placerat ante', '2021-01-17 00:39:47', 44, 18);
insert into message (id, content, "date", channel_id, user_id) values (33, 'in hac habitasse platea dictumst morbi vestibulum velit id pretium iaculis diam erat', '2021-06-11 23:27:10', 56, 20);
insert into message (id, content, "date", channel_id, user_id) values (34, 'nunc nisl duis bibendum felis sed interdum venenatis turpis enim blandit mi in porttitor pede justo', '2022-03-23 10:10:38', 20, 23);
insert into message (id, content, "date", channel_id, user_id) values (35, 'venenatis turpis enim blandit mi in porttitor pede justo eu massa', '2022-09-14 03:24:08', 40, 6);
insert into message (id, content, "date", channel_id, user_id) values (36, 'purus eu magna vulputate luctus cum sociis natoque penatibus', '2022-03-15 21:56:25', 41, 3);
insert into message (id, content, "date", channel_id, user_id) values (37, 'volutpat eleifend donec ut dolor morbi vel lectus in quam fringilla rhoncus mauris enim', '2020-05-31 13:40:34', 12, 18);
insert into message (id, content, "date", channel_id, user_id) values (38, 'eleifend donec ut dolor morbi', '2022-06-07 18:00:39', 35, 9);
insert into message (id, content, "date", channel_id, user_id) values (39, 'ut mauris', '2021-10-03 20:53:18', 28, 27);
insert into message (id, content, "date", channel_id, user_id) values (40, 'consequat varius integer ac leo pellentesque ultrices mattis odio donec vitae nisi nam ultrices libero non mattis pulvinar nulla pede ullamcorper', '2023-02-13 19:05:25', 4, 23);
insert into message (id, content, "date", channel_id, user_id) values (41, 'platea dictumst maecenas ut massa quis augue luctus tincidunt nulla mollis molestie lorem quisque ut erat curabitur gravida nisi at nibh', '2022-05-27 19:56:41', 44, 26);
insert into message (id, content, "date", channel_id, user_id) values (42, 'luctus ultricies eu nibh quisque id justo sit amet sapien dignissim', '2021-03-13 03:08:10', 40, 30);
insert into message (id, content, "date", channel_id, user_id) values (43, 'felis sed interdum venenatis turpis enim blandit mi in porttitor pede', '2022-10-02 04:14:48', 4, 24);
insert into message (id, content, "date", channel_id, user_id) values (44, 'morbi odio odio elementum eu interdum eu tincidunt in leo maecenas pulvinar lobortis est phasellus sit amet erat nulla tempus', '2021-12-12 00:28:30', 39, 20);
insert into message (id, content, "date", channel_id, user_id) values (45, 'faucibus orci luctus et ultrices posuere cubilia curae nulla dapibus', '2020-12-26 12:20:41', 56, 26);
insert into message (id, content, "date", channel_id, user_id) values (46, 'sit amet erat nulla tempus vivamus in felis eu sapien cursus vestibulum proin eu mi nulla ac enim in', '2022-10-26 16:43:12', 27, 28);
insert into message (id, content, "date", channel_id, user_id) values (47, 'mattis odio donec vitae nisi nam ultrices libero non mattis pulvinar nulla pede ullamcorper augue a suscipit', '2021-12-04 10:53:50', 28, 22);
insert into message (id, content, "date", channel_id, user_id) values (48, 'luctus et ultrices posuere cubilia curae mauris viverra diam', '2020-11-08 07:42:26', 8, 4);
insert into message (id, content, "date", channel_id, user_id) values (49, 'in eleifend quam a odio in hac habitasse platea dictumst maecenas ut massa quis augue luctus tincidunt nulla mollis molestie lorem quisque ut erat', '2022-07-28 11:00:38', 49, 3);
insert into message (id, content, "date", channel_id, user_id) values (50, 'aliquet ultrices erat tortor sollicitudin mi sit amet lobortis sapien sapien non mi integer ac', '2022-10-29 01:14:33', 58, 3);
insert into message (id, content, "date", channel_id, user_id) values (51, 'quis tortor id nulla ultrices aliquet maecenas leo odio condimentum id luctus nec molestie sed justo pellentesque viverra pede', '2021-01-19 22:30:34', 58, 5);
insert into message (id, content, "date", channel_id, user_id) values (52, 'in porttitor pede justo eu massa', '2021-04-15 13:23:54', 57, 19);
insert into message (id, content, "date", channel_id, user_id) values (53, 'luctus et ultrices posuere cubilia curae duis faucibus accumsan odio', '2022-08-31 05:30:01', 57, 12);
insert into message (id, content, "date", channel_id, user_id) values (54, 'aliquam quis turpis eget elit sodales scelerisque', '2021-03-04 22:17:44', 18, 5);
insert into message (id, content, "date", channel_id, user_id) values (55, 'maecenas rhoncus', '2022-10-06 04:36:02', 25, 5);
insert into message (id, content, "date", channel_id, user_id) values (56, 'amet justo morbi ut odio', '2021-02-24 22:10:45', 14, 4);
insert into message (id, content, "date", channel_id, user_id) values (57, 'elit ac nulla sed', '2020-10-08 21:43:47', 20, 16);
insert into message (id, content, "date", channel_id, user_id) values (58, 'purus eu magna vulputate luctus cum sociis natoque penatibus et magnis dis parturient montes nascetur ridiculus mus vivamus vestibulum sagittis sapien cum', '2022-12-01 01:27:55', 22, 29);
insert into message (id, content, "date", channel_id, user_id) values (59, 'tincidunt nulla mollis molestie lorem quisque ut erat curabitur gravida nisi at nibh in hac habitasse platea dictumst', '2020-09-19 15:21:59', 18, 22);
insert into message (id, content, "date", channel_id, user_id) values (60, 'suspendisse ornare consequat lectus in est risus auctor sed', '2022-04-09 20:15:35', 28, 30);
insert into message (id, content, "date", channel_id, user_id) values (61, 'rhoncus', '2021-12-30 23:48:06', 2, 4);
insert into message (id, content, "date", channel_id, user_id) values (62, 'pede venenatis non sodales sed tincidunt eu felis fusce posuere felis sed lacus morbi sem mauris laoreet ut rhoncus aliquet pulvinar sed nisl', '2022-03-12 05:39:17', 17, 27);
insert into message (id, content, "date", channel_id, user_id) values (63, 'feugiat et eros vestibulum ac est lacinia nisi venenatis tristique fusce congue diam id ornare imperdiet sapien urna pretium nisl ut volutpat', '2021-05-25 06:07:18', 49, 17);
insert into message (id, content, "date", channel_id, user_id) values (64, 'justo aliquam quis', '2020-12-10 03:37:54', 40, 26);
insert into message (id, content, "date", channel_id, user_id) values (65, 'posuere cubilia curae donec pharetra magna vestibulum aliquet ultrices erat tortor sollicitudin mi sit amet lobortis', '2022-10-15 19:39:52', 32, 29);
insert into message (id, content, "date", channel_id, user_id) values (66, 'felis sed', '2020-06-25 06:49:25', 47, 1);
insert into message (id, content, "date", channel_id, user_id) values (67, 'mauris viverra diam vitae quam suspendisse', '2020-05-25 09:45:56', 14, 17);
insert into message (id, content, "date", channel_id, user_id) values (68, 'ipsum aliquam non mauris morbi non lectus aliquam sit amet diam in magna bibendum imperdiet nullam orci pede venenatis non sodales sed tincidunt eu', '2022-12-26 20:12:22', 50, 3);
insert into message (id, content, "date", channel_id, user_id) values (69, 'justo pellentesque viverra pede ac diam cras pellentesque volutpat dui maecenas tristique est', '2021-10-07 21:13:35', 58, 16);
insert into message (id, content, "date", channel_id, user_id) values (70, 'nulla dapibus dolor vel est donec odio justo sollicitudin ut suscipit a feugiat et eros vestibulum ac est', '2020-12-29 02:25:15', 38, 10);
insert into message (id, content, "date", channel_id, user_id) values (71, 'nunc donec quis orci eget orci vehicula condimentum', '2020-07-04 09:12:43', 24, 22);
insert into message (id, content, "date", channel_id, user_id) values (72, 'lacus morbi sem mauris laoreet ut rhoncus aliquet pulvinar sed nisl nunc rhoncus dui vel sem sed sagittis nam congue risus semper', '2022-01-08 06:28:23', 13, 8);
insert into message (id, content, "date", channel_id, user_id) values (73, 'eget eros elementum pellentesque quisque porta volutpat erat quisque erat eros viverra eget congue eget semper', '2020-11-26 05:23:11', 15, 26);
insert into message (id, content, "date", channel_id, user_id) values (74, 'ante vestibulum ante ipsum primis in faucibus orci luctus et ultrices posuere cubilia curae duis faucibus accumsan odio', '2020-11-13 20:25:18', 56, 23);
insert into message (id, content, "date", channel_id, user_id) values (75, 'cum sociis natoque penatibus et magnis dis parturient montes nascetur', '2022-06-27 07:28:47', 37, 6);
insert into message (id, content, "date", channel_id, user_id) values (76, 'pharetra magna vestibulum aliquet ultrices erat tortor sollicitudin mi sit amet lobortis sapien sapien non mi integer ac neque duis bibendum', '2021-09-20 08:28:17', 19, 12);
insert into message (id, content, "date", channel_id, user_id) values (77, 'risus praesent lectus vestibulum quam', '2021-09-04 02:45:43', 23, 22);
insert into message (id, content, "date", channel_id, user_id) values (78, 'neque', '2021-08-10 06:14:53', 42, 13);
insert into message (id, content, "date", channel_id, user_id) values (79, 'suspendisse potenti in eleifend quam a odio in', '2022-07-15 10:40:01', 24, 27);
insert into message (id, content, "date", channel_id, user_id) values (80, 'ultrices enim lorem ipsum dolor sit amet consectetuer adipiscing elit proin interdum mauris non ligula', '2020-07-04 11:18:40', 45, 3);
insert into message (id, content, "date", channel_id, user_id) values (81, 'id', '2020-10-28 04:22:53', 10, 9);
insert into message (id, content, "date", channel_id, user_id) values (82, 'non ligula pellentesque ultrices', '2020-05-30 16:34:44', 53, 6);
insert into message (id, content, "date", channel_id, user_id) values (83, 'nibh in hac habitasse platea', '2022-12-08 14:10:07', 48, 30);
insert into message (id, content, "date", channel_id, user_id) values (84, 'cras non', '2021-08-02 22:50:22', 4, 4);
insert into message (id, content, "date", channel_id, user_id) values (85, 'praesent id massa id nisl', '2022-10-01 13:14:13', 47, 17);
insert into message (id, content, "date", channel_id, user_id) values (86, 'quis turpis eget elit sodales scelerisque mauris sit amet eros suspendisse accumsan', '2022-11-13 23:26:17', 45, 23);
insert into message (id, content, "date", channel_id, user_id) values (87, 'morbi porttitor lorem id ligula suspendisse ornare consequat lectus in est risus auctor sed tristique in tempus sit amet sem', '2022-01-02 12:22:29', 44, 6);
insert into message (id, content, "date", channel_id, user_id) values (88, 'dolor vel est donec odio justo sollicitudin', '2022-10-27 09:58:21', 54, 10);
insert into message (id, content, "date", channel_id, user_id) values (89, 'placerat', '2022-04-17 09:50:44', 12, 15);
insert into message (id, content, "date", channel_id, user_id) values (90, 'erat nulla tempus vivamus in felis eu sapien cursus vestibulum', '2020-07-30 19:29:47', 29, 15);
insert into message (id, content, "date", channel_id, user_id) values (91, 'dictumst maecenas ut massa quis augue luctus tincidunt nulla mollis molestie lorem quisque ut erat curabitur gravida nisi at nibh', '2021-02-16 00:53:25', 5, 13);
insert into message (id, content, "date", channel_id, user_id) values (92, 'in sagittis dui vel', '2023-01-19 08:22:01', 14, 6);
insert into message (id, content, "date", channel_id, user_id) values (93, 'pellentesque ultrices mattis odio donec vitae nisi nam ultrices libero non mattis pulvinar nulla pede ullamcorper augue a suscipit nulla', '2023-01-22 04:45:14', 2, 28);
insert into message (id, content, "date", channel_id, user_id) values (94, 'pellentesque ultrices mattis', '2020-07-20 23:01:04', 49, 16);
insert into message (id, content, "date", channel_id, user_id) values (95, 'ipsum primis in faucibus orci luctus et ultrices posuere', '2020-05-25 05:06:55', 9, 17);
insert into message (id, content, "date", channel_id, user_id) values (96, 'aliquam lacus morbi quis tortor id nulla ultrices aliquet maecenas leo odio condimentum id luctus nec molestie sed justo pellentesque viverra pede ac', '2022-06-09 12:57:59', 45, 13);
insert into message (id, content, "date", channel_id, user_id) values (97, 'praesent blandit nam nulla integer pede justo lacinia eget tincidunt eget tempus', '2021-08-05 00:40:53', 9, 29);
insert into message (id, content, "date", channel_id, user_id) values (98, 'risus semper porta volutpat quam pede lobortis', '2021-05-02 00:55:01', 30, 16);
insert into message (id, content, "date", channel_id, user_id) values (99, 'leo rhoncus sed vestibulum sit amet cursus id turpis integer', '2022-10-15 23:08:57', 35, 4);
insert into message (id, content, "date", channel_id, user_id) values (100, 'quis turpis sed ante vivamus tortor duis mattis', '2022-06-15 17:59:13', 8, 20);
insert into message (id, content, "date", channel_id, user_id) values (101, 'primis in faucibus orci luctus et ultrices posuere', '2021-04-12 13:04:59', 45, 1);
insert into message (id, content, "date", channel_id, user_id) values (102, 'laoreet ut rhoncus', '2022-09-10 05:53:44', 29, 8);
insert into message (id, content, "date", channel_id, user_id) values (103, 'nunc donec quis orci eget orci vehicula', '2021-08-06 04:50:52', 2, 4);
insert into message (id, content, "date", channel_id, user_id) values (104, 'semper interdum mauris ullamcorper purus sit amet nulla quisque arcu libero rutrum ac lobortis vel dapibus at', '2020-05-24 04:44:26', 20, 25);
insert into message (id, content, "date", channel_id, user_id) values (105, 'dictumst morbi vestibulum velit id pretium iaculis diam erat fermentum', '2022-05-09 03:18:01', 32, 16);
insert into message (id, content, "date", channel_id, user_id) values (106, 'molestie lorem quisque ut erat curabitur gravida nisi at nibh in hac habitasse platea dictumst aliquam augue quam sollicitudin vitae consectetuer eget rutrum at lorem', '2023-01-09 14:45:52', 27, 27);
insert into message (id, content, "date", channel_id, user_id) values (107, 'sed tincidunt eu felis fusce posuere felis sed lacus morbi sem mauris laoreet ut rhoncus aliquet pulvinar sed', '2020-10-09 20:16:47', 59, 11);
insert into message (id, content, "date", channel_id, user_id) values (108, 'cubilia curae donec pharetra magna vestibulum aliquet ultrices erat tortor sollicitudin', '2021-09-09 05:38:32', 59, 16);
insert into message (id, content, "date", channel_id, user_id) values (109, 'accumsan odio curabitur convallis duis consequat dui nec nisi volutpat eleifend donec ut dolor morbi vel', '2021-12-25 13:51:24', 20, 23);
insert into message (id, content, "date", channel_id, user_id) values (110, 'tincidunt eu felis fusce posuere felis sed lacus morbi sem mauris laoreet ut rhoncus aliquet pulvinar sed nisl', '2021-01-31 00:24:11', 44, 3);
insert into message (id, content, "date", channel_id, user_id) values (111, 'tempor convallis nulla neque libero convallis eget eleifend luctus ultricies eu nibh quisque id justo sit amet sapien dignissim vestibulum vestibulum', '2020-12-02 04:16:05', 11, 5);
insert into message (id, content, "date", channel_id, user_id) values (112, 'augue vestibulum ante ipsum primis in faucibus orci luctus et ultrices', '2022-05-09 00:20:23', 9, 15);
insert into message (id, content, "date", channel_id, user_id) values (113, 'rutrum nulla tellus in sagittis dui vel nisl duis ac nibh fusce lacus purus aliquet at feugiat', '2021-08-18 21:05:53', 56, 28);
insert into message (id, content, "date", channel_id, user_id) values (114, 'ante nulla justo aliquam quis turpis eget elit sodales scelerisque mauris sit amet eros suspendisse accumsan tortor quis turpis sed ante vivamus', '2021-05-26 17:20:26', 55, 11);
insert into message (id, content, "date", channel_id, user_id) values (115, 'morbi non lectus aliquam sit amet diam in magna bibendum imperdiet nullam orci pede venenatis non sodales sed tincidunt eu felis fusce', '2022-01-17 23:59:02', 28, 11);
insert into message (id, content, "date", channel_id, user_id) values (116, 'pede lobortis ligula sit amet eleifend pede libero quis orci nullam molestie nibh in lectus pellentesque at nulla suspendisse potenti cras in purus', '2020-03-30 12:04:36', 28, 25);
insert into message (id, content, "date", channel_id, user_id) values (117, 'a pede posuere nonummy', '2020-11-18 01:39:52', 15, 8);
insert into message (id, content, "date", channel_id, user_id) values (118, 'rhoncus mauris enim', '2021-02-17 11:49:06', 27, 18);
insert into message (id, content, "date", channel_id, user_id) values (119, 'sapien varius ut blandit non interdum in ante', '2023-03-19 18:19:12', 32, 18);
insert into message (id, content, "date", channel_id, user_id) values (120, 'elit sodales scelerisque mauris sit amet eros suspendisse', '2021-03-20 00:24:54', 58, 12);
insert into message (id, content, "date", channel_id, user_id) values (121, 'pellentesque quisque porta volutpat erat quisque erat eros viverra eget congue eget semper rutrum nulla nunc purus phasellus in felis donec', '2023-01-05 08:26:08', 48, 10);
insert into message (id, content, "date", channel_id, user_id) values (122, 'porttitor pede justo eu massa', '2020-05-21 06:30:22', 40, 13);
insert into message (id, content, "date", channel_id, user_id) values (123, 'nam ultrices libero non mattis pulvinar nulla pede ullamcorper augue a suscipit nulla elit ac nulla sed vel enim sit amet', '2022-01-26 08:24:37', 57, 12);
insert into message (id, content, "date", channel_id, user_id) values (124, 'sapien non mi integer ac neque duis bibendum morbi non quam', '2022-08-29 18:18:16', 49, 15);
insert into message (id, content, "date", channel_id, user_id) values (125, 'nisi venenatis tristique fusce congue', '2023-02-14 21:11:26', 48, 19);
insert into message (id, content, "date", channel_id, user_id) values (126, 'ultrices erat tortor sollicitudin mi sit amet lobortis sapien sapien non mi integer ac neque duis bibendum morbi non quam', '2020-07-18 20:13:25', 18, 17);
insert into message (id, content, "date", channel_id, user_id) values (127, 'venenatis tristique fusce congue diam id ornare imperdiet sapien urna pretium nisl ut volutpat sapien arcu sed augue aliquam erat volutpat in congue etiam justo', '2022-12-27 12:08:33', 57, 30);
insert into message (id, content, "date", channel_id, user_id) values (128, 'pretium quis lectus suspendisse potenti in eleifend quam a odio in hac habitasse platea dictumst maecenas ut', '2020-12-15 02:41:45', 2, 30);
insert into message (id, content, "date", channel_id, user_id) values (129, 'ac leo pellentesque ultrices mattis odio donec vitae nisi nam ultrices libero non mattis pulvinar nulla pede ullamcorper augue a suscipit nulla elit ac', '2020-06-01 02:20:16', 23, 20);
insert into message (id, content, "date", channel_id, user_id) values (130, 'nunc', '2022-04-13 05:04:08', 42, 26);
insert into message (id, content, "date", channel_id, user_id) values (131, 'libero convallis eget eleifend luctus ultricies eu nibh quisque id justo sit amet sapien', '2022-05-23 19:33:07', 45, 8);
insert into message (id, content, "date", channel_id, user_id) values (132, 'consequat dui nec nisi volutpat eleifend donec ut dolor morbi vel lectus', '2022-01-09 02:01:05', 58, 19);
insert into message (id, content, "date", channel_id, user_id) values (133, 'vitae nisl aenean lectus pellentesque eget nunc donec quis orci eget orci vehicula condimentum curabitur in libero ut massa volutpat convallis morbi odio', '2021-05-27 19:21:09', 17, 24);
insert into message (id, content, "date", channel_id, user_id) values (134, 'a suscipit nulla elit ac nulla sed vel enim sit amet nunc viverra dapibus', '2021-11-29 18:47:57', 38, 26);
insert into message (id, content, "date", channel_id, user_id) values (135, 'blandit lacinia erat vestibulum sed magna at nunc commodo placerat praesent', '2021-10-17 10:25:35', 3, 23);
insert into message (id, content, "date", channel_id, user_id) values (136, 'nulla mollis molestie lorem quisque ut erat curabitur gravida nisi', '2022-12-15 21:45:21', 32, 3);
insert into message (id, content, "date", channel_id, user_id) values (137, 'cras pellentesque volutpat dui maecenas tristique est et tempus semper est quam pharetra magna ac consequat metus', '2020-05-06 13:10:16', 41, 22);
insert into message (id, content, "date", channel_id, user_id) values (138, 'aliquet massa id', '2022-01-13 02:32:59', 46, 13);
insert into message (id, content, "date", channel_id, user_id) values (139, 'sed nisl nunc rhoncus dui vel sem sed sagittis nam congue risus', '2021-08-04 13:38:22', 57, 10);
insert into message (id, content, "date", channel_id, user_id) values (140, 'consequat metus sapien ut nunc vestibulum ante ipsum primis in faucibus orci luctus et ultrices posuere cubilia curae mauris viverra diam vitae quam', '2022-03-16 13:05:21', 14, 1);
insert into message (id, content, "date", channel_id, user_id) values (141, 'non velit donec diam neque vestibulum eget vulputate ut ultrices vel augue vestibulum', '2021-06-05 03:46:21', 19, 16);
insert into message (id, content, "date", channel_id, user_id) values (142, 'elementum in hac habitasse platea dictumst morbi vestibulum velit id pretium iaculis diam erat fermentum justo nec condimentum neque', '2021-06-21 12:29:58', 11, 26);
insert into message (id, content, "date", channel_id, user_id) values (143, 'bibendum felis sed interdum venenatis turpis enim', '2021-07-21 11:55:30', 46, 16);
insert into message (id, content, "date", channel_id, user_id) values (144, 'risus semper porta volutpat quam pede lobortis ligula sit amet eleifend pede libero quis orci nullam molestie nibh', '2023-03-08 16:32:58', 30, 9);
insert into message (id, content, "date", channel_id, user_id) values (145, 'id luctus nec', '2020-12-28 07:05:10', 31, 28);
insert into message (id, content, "date", channel_id, user_id) values (146, 'ipsum primis in faucibus orci luctus', '2022-02-18 13:01:10', 42, 19);
insert into message (id, content, "date", channel_id, user_id) values (147, 'eu mi nulla ac enim in tempor turpis nec euismod scelerisque quam turpis adipiscing lorem vitae mattis nibh ligula', '2020-07-21 17:08:15', 25, 1);
insert into message (id, content, "date", channel_id, user_id) values (148, 'at vulputate vitae nisl aenean lectus pellentesque eget nunc donec quis orci eget orci vehicula condimentum curabitur in libero ut massa', '2020-07-05 21:44:20', 10, 17);
insert into message (id, content, "date", channel_id, user_id) values (149, 'luctus tincidunt nulla mollis molestie lorem quisque ut erat curabitur gravida nisi at nibh in hac habitasse platea dictumst aliquam', '2022-10-22 12:25:00', 24, 30);
insert into message (id, content, "date", channel_id, user_id) values (150, 'sem praesent id massa id nisl venenatis lacinia aenean sit amet justo morbi ut odio cras mi pede malesuada in imperdiet et commodo vulputate', '2021-08-25 12:00:56', 15, 27);
insert into message (id, content, "date", channel_id, user_id) values (151, 'faucibus accumsan odio curabitur convallis', '2021-07-13 02:20:20', 43, 18);
insert into message (id, content, "date", channel_id, user_id) values (152, 'nunc commodo placerat praesent blandit nam nulla integer pede', '2022-03-18 08:48:53', 26, 6);
insert into message (id, content, "date", channel_id, user_id) values (153, 'donec pharetra magna vestibulum aliquet ultrices erat tortor sollicitudin mi sit amet lobortis sapien sapien non mi integer ac neque duis bibendum morbi', '2021-08-18 11:23:34', 28, 30);
insert into message (id, content, "date", channel_id, user_id) values (154, 'porttitor pede justo eu massa donec dapibus duis at velit eu est congue elementum in', '2020-08-25 22:47:07', 17, 16);
insert into message (id, content, "date", channel_id, user_id) values (155, 'in faucibus orci luctus', '2023-02-07 22:31:51', 44, 17);
insert into message (id, content, "date", channel_id, user_id) values (156, 'congue etiam justo etiam pretium iaculis justo in hac', '2023-02-21 12:35:57', 53, 17);
insert into message (id, content, "date", channel_id, user_id) values (157, 'suspendisse', '2021-11-28 04:18:46', 42, 2);
insert into message (id, content, "date", channel_id, user_id) values (158, 'et magnis dis parturient montes nascetur ridiculus mus etiam vel augue vestibulum', '2022-02-07 02:28:53', 11, 9);
insert into message (id, content, "date", channel_id, user_id) values (159, 'nisi vulputate nonummy maecenas tincidunt lacus at velit vivamus vel nulla eget eros elementum pellentesque quisque porta volutpat erat quisque erat eros viverra', '2021-11-03 18:22:41', 16, 23);
insert into message (id, content, "date", channel_id, user_id) values (160, 'massa', '2022-03-17 16:25:41', 53, 22);
insert into message (id, content, "date", channel_id, user_id) values (161, 'suspendisse ornare consequat lectus in est risus auctor sed', '2020-10-16 10:54:07', 15, 16);
insert into message (id, content, "date", channel_id, user_id) values (162, 'dictumst aliquam augue quam sollicitudin vitae consectetuer eget rutrum at lorem integer tincidunt', '2021-12-17 17:26:20', 22, 1);
insert into message (id, content, "date", channel_id, user_id) values (163, 'luctus', '2021-04-17 00:56:17', 23, 6);
insert into message (id, content, "date", channel_id, user_id) values (164, 'sit amet sapien dignissim vestibulum vestibulum ante ipsum primis in faucibus', '2020-12-27 12:34:46', 4, 11);
insert into message (id, content, "date", channel_id, user_id) values (165, 'commodo placerat praesent blandit nam nulla integer', '2021-02-12 19:14:40', 31, 10);
insert into message (id, content, "date", channel_id, user_id) values (166, 'eget congue eget semper', '2020-12-14 21:55:34', 57, 26);
insert into message (id, content, "date", channel_id, user_id) values (167, 'quis augue luctus tincidunt nulla mollis molestie lorem quisque ut erat curabitur gravida nisi at nibh', '2023-02-22 22:42:18', 17, 2);
insert into message (id, content, "date", channel_id, user_id) values (168, 'nulla mollis molestie lorem quisque ut erat curabitur gravida nisi at nibh in hac habitasse platea dictumst aliquam augue quam sollicitudin vitae consectetuer eget', '2023-01-24 04:59:05', 57, 16);
insert into message (id, content, "date", channel_id, user_id) values (169, 'justo aliquam quis turpis eget elit sodales scelerisque mauris sit amet eros suspendisse accumsan tortor quis turpis sed', '2021-02-16 00:53:36', 15, 8);
insert into message (id, content, "date", channel_id, user_id) values (170, 'felis donec semper sapien a libero nam dui', '2021-04-27 16:52:00', 50, 25);
insert into message (id, content, "date", channel_id, user_id) values (171, 'dapibus dolor vel est donec odio', '2021-10-25 11:22:41', 46, 1);
insert into message (id, content, "date", channel_id, user_id) values (172, 'tempus semper est quam pharetra magna ac consequat metus', '2020-05-26 00:47:37', 25, 14);
insert into message (id, content, "date", channel_id, user_id) values (173, 'quis turpis sed ante vivamus tortor duis mattis egestas metus aenean fermentum', '2022-07-25 05:48:17', 55, 1);
insert into message (id, content, "date", channel_id, user_id) values (174, 'dui vel sem sed sagittis nam congue', '2022-09-28 08:51:16', 38, 21);
insert into message (id, content, "date", channel_id, user_id) values (175, 'auctor sed tristique in tempus sit amet sem', '2020-07-17 07:20:24', 42, 17);
insert into message (id, content, "date", channel_id, user_id) values (176, 'amet erat nulla tempus vivamus in felis eu sapien cursus vestibulum proin eu mi nulla ac enim in tempor turpis', '2021-06-15 02:23:21', 2, 26);
insert into message (id, content, "date", channel_id, user_id) values (177, 'nam dui proin leo odio porttitor id consequat in consequat ut nulla sed accumsan felis ut at dolor quis odio consequat', '2021-08-16 09:21:24', 17, 4);
insert into message (id, content, "date", channel_id, user_id) values (178, 'in hac habitasse platea dictumst aliquam augue quam sollicitudin vitae consectetuer eget rutrum at lorem integer tincidunt ante vel', '2021-12-15 13:28:03', 43, 17);
insert into message (id, content, "date", channel_id, user_id) values (179, 'lectus in quam fringilla rhoncus mauris enim leo rhoncus sed vestibulum sit amet cursus id turpis', '2021-01-05 12:09:18', 50, 21);
insert into message (id, content, "date", channel_id, user_id) values (180, 'tincidunt nulla mollis molestie lorem quisque ut erat curabitur gravida nisi at nibh in hac habitasse platea dictumst aliquam augue', '2020-04-24 15:06:26', 24, 4);
insert into message (id, content, "date", channel_id, user_id) values (181, 'metus arcu adipiscing molestie hendrerit at vulputate vitae nisl aenean lectus pellentesque eget nunc donec quis orci eget orci', '2020-04-09 12:09:56', 22, 18);
insert into message (id, content, "date", channel_id, user_id) values (182, 'rutrum neque aenean auctor', '2022-01-30 10:21:59', 18, 3);
insert into message (id, content, "date", channel_id, user_id) values (183, 'a pede posuere nonummy integer non velit donec diam neque vestibulum eget vulputate ut ultrices vel augue vestibulum ante ipsum primis in faucibus', '2021-06-06 11:55:55', 46, 7);
insert into message (id, content, "date", channel_id, user_id) values (184, 'non ligula pellentesque ultrices phasellus', '2020-06-05 08:18:01', 7, 18);
insert into message (id, content, "date", channel_id, user_id) values (185, 'sapien sapien non mi integer ac neque duis bibendum morbi non quam nec dui luctus rutrum nulla tellus in sagittis', '2020-06-26 14:11:35', 38, 3);
insert into message (id, content, "date", channel_id, user_id) values (186, 'suscipit ligula in lacus curabitur at ipsum ac tellus semper interdum mauris ullamcorper purus sit amet nulla quisque arcu libero rutrum ac', '2021-06-24 00:08:56', 37, 10);
insert into message (id, content, "date", channel_id, user_id) values (187, 'ut rhoncus aliquet pulvinar sed nisl nunc rhoncus dui vel sem sed', '2021-09-10 15:28:58', 42, 1);
insert into message (id, content, "date", channel_id, user_id) values (188, 'vivamus in felis', '2021-09-08 04:48:20', 30, 28);
insert into message (id, content, "date", channel_id, user_id) values (189, 'habitasse platea dictumst aliquam augue quam sollicitudin vitae consectetuer eget rutrum at lorem integer tincidunt ante vel ipsum', '2022-02-06 02:53:50', 56, 2);
insert into message (id, content, "date", channel_id, user_id) values (190, 'amet nulla', '2020-09-30 20:55:42', 57, 28);
insert into message (id, content, "date", channel_id, user_id) values (191, 'egestas metus', '2022-07-21 03:08:04', 35, 20);
insert into message (id, content, "date", channel_id, user_id) values (192, 'et ultrices posuere cubilia curae nulla dapibus dolor', '2020-07-24 15:42:22', 31, 26);
insert into message (id, content, "date", channel_id, user_id) values (193, 'et ultrices posuere cubilia curae', '2023-03-02 05:18:42', 50, 13);
insert into message (id, content, "date", channel_id, user_id) values (194, 'ut massa quis augue luctus tincidunt nulla mollis molestie lorem quisque ut erat curabitur', '2022-07-11 15:14:50', 25, 22);
insert into message (id, content, "date", channel_id, user_id) values (195, 'luctus et ultrices posuere cubilia curae duis faucibus accumsan odio curabitur convallis duis consequat dui', '2021-11-30 13:43:39', 43, 29);
insert into message (id, content, "date", channel_id, user_id) values (196, 'rutrum nulla tellus in sagittis dui vel nisl duis ac nibh fusce lacus purus aliquet at feugiat non', '2023-02-15 22:41:54', 22, 6);
insert into message (id, content, "date", channel_id, user_id) values (197, 'eget eros elementum pellentesque quisque porta volutpat erat quisque erat eros viverra eget congue eget semper', '2020-09-13 23:37:41', 17, 15);
insert into message (id, content, "date", channel_id, user_id) values (198, 'orci mauris lacinia sapien quis libero nullam sit amet turpis elementum ligula vehicula consequat morbi a', '2022-12-04 18:14:48', 11, 24);
insert into message (id, content, "date", channel_id, user_id) values (199, 'non interdum', '2022-06-07 07:10:57', 14, 21);
insert into message (id, content, "date", channel_id, user_id) values (200, 'pellentesque quisque porta volutpat erat quisque erat', '2022-04-14 09:25:34', 35, 17);
insert into message (id, content, "date", channel_id, user_id) values (201, 'odio donec vitae nisi nam ultrices libero non mattis pulvinar nulla pede ullamcorper augue a suscipit nulla', '2021-04-08 17:08:50', 5, 1);
insert into message (id, content, "date", channel_id, user_id) values (202, 'tortor duis mattis egestas metus aenean fermentum donec ut mauris', '2022-01-28 03:56:37', 30, 12);
insert into message (id, content, "date", channel_id, user_id) values (203, 'ipsum primis in faucibus orci luctus et ultrices posuere', '2022-07-06 13:32:00', 21, 18);
insert into message (id, content, "date", channel_id, user_id) values (204, 'in leo maecenas pulvinar lobortis est phasellus sit amet erat nulla tempus vivamus', '2021-10-01 04:37:32', 6, 5);
insert into message (id, content, "date", channel_id, user_id) values (205, 'sed justo pellentesque viverra pede ac diam cras pellentesque volutpat dui maecenas tristique est et tempus semper est quam pharetra magna ac', '2021-10-09 09:58:24', 24, 1);
insert into message (id, content, "date", channel_id, user_id) values (206, 'cubilia curae duis faucibus accumsan odio curabitur convallis duis consequat dui nec nisi volutpat', '2022-02-22 14:31:46', 16, 1);
insert into message (id, content, "date", channel_id, user_id) values (207, 'accumsan felis ut at dolor quis odio consequat varius integer ac', '2020-08-13 13:11:49', 17, 14);
insert into message (id, content, "date", channel_id, user_id) values (208, 'augue a suscipit nulla elit ac nulla sed vel enim sit amet nunc', '2021-07-21 11:26:59', 6, 8);
insert into message (id, content, "date", channel_id, user_id) values (209, 'maecenas ut massa quis augue luctus tincidunt nulla mollis molestie lorem quisque ut erat curabitur', '2022-11-28 10:38:30', 15, 19);
insert into message (id, content, "date", channel_id, user_id) values (210, 'felis sed lacus morbi sem', '2021-11-12 14:23:39', 36, 25);
insert into message (id, content, "date", channel_id, user_id) values (211, 'sagittis sapien cum sociis', '2021-03-07 05:31:45', 15, 6);
insert into message (id, content, "date", channel_id, user_id) values (212, 'sed justo pellentesque viverra pede ac diam cras pellentesque volutpat dui maecenas tristique est et tempus semper est quam pharetra magna ac', '2022-08-18 19:10:30', 16, 2);
insert into message (id, content, "date", channel_id, user_id) values (213, 'integer', '2020-06-04 15:04:53', 7, 26);
insert into message (id, content, "date", channel_id, user_id) values (214, 'eget elit sodales scelerisque mauris sit amet eros suspendisse accumsan tortor quis turpis sed ante vivamus tortor duis mattis egestas metus aenean', '2022-11-21 16:30:14', 55, 2);
insert into message (id, content, "date", channel_id, user_id) values (215, 'et magnis dis', '2020-09-07 23:20:51', 11, 14);
insert into message (id, content, "date", channel_id, user_id) values (216, 'in faucibus orci luctus et ultrices posuere cubilia curae duis faucibus accumsan odio', '2021-03-10 20:50:14', 30, 25);
insert into message (id, content, "date", channel_id, user_id) values (217, 'fusce lacus purus aliquet at feugiat non pretium quis lectus suspendisse potenti in eleifend quam a odio in hac habitasse platea dictumst maecenas ut massa', '2020-10-23 07:12:01', 37, 23);
insert into message (id, content, "date", channel_id, user_id) values (218, 'hac habitasse platea dictumst morbi vestibulum', '2022-01-17 23:40:59', 44, 10);
insert into message (id, content, "date", channel_id, user_id) values (219, 'odio in hac habitasse platea dictumst maecenas ut massa quis augue luctus tincidunt nulla mollis molestie lorem quisque ut erat curabitur', '2022-06-05 23:52:08', 15, 26);
insert into message (id, content, "date", channel_id, user_id) values (220, 'tincidunt eu felis fusce posuere felis sed lacus morbi sem mauris laoreet ut rhoncus aliquet pulvinar', '2022-07-16 21:57:06', 17, 3);
insert into message (id, content, "date", channel_id, user_id) values (221, 'quis turpis eget elit sodales scelerisque mauris sit amet eros suspendisse accumsan tortor quis', '2020-12-25 11:37:07', 11, 29);
insert into message (id, content, "date", channel_id, user_id) values (222, 'varius nulla facilisi cras', '2022-08-06 07:02:45', 26, 28);
insert into message (id, content, "date", channel_id, user_id) values (223, 'magnis dis parturient montes nascetur ridiculus mus vivamus vestibulum sagittis sapien cum sociis natoque penatibus et magnis dis parturient montes nascetur ridiculus mus etiam vel', '2021-09-13 09:15:01', 45, 6);
insert into message (id, content, "date", channel_id, user_id) values (224, 'sapien varius ut blandit non interdum in ante vestibulum ante ipsum primis in faucibus orci luctus et ultrices posuere cubilia curae duis faucibus accumsan odio', '2020-09-06 11:54:06', 23, 28);
insert into message (id, content, "date", channel_id, user_id) values (225, 'sit amet eleifend pede libero quis orci nullam molestie nibh in lectus pellentesque at nulla suspendisse potenti cras in purus eu magna vulputate', '2021-09-27 05:17:44', 30, 30);
insert into message (id, content, "date", channel_id, user_id) values (226, 'non pretium quis lectus suspendisse potenti in eleifend quam a odio in hac habitasse platea dictumst maecenas ut massa quis augue luctus', '2022-03-10 14:07:37', 58, 30);
insert into message (id, content, "date", channel_id, user_id) values (227, 'luctus', '2021-08-22 16:56:05', 37, 16);
insert into message (id, content, "date", channel_id, user_id) values (228, 'eget tincidunt eget', '2021-04-19 01:19:43', 5, 26);
insert into message (id, content, "date", channel_id, user_id) values (229, 'neque duis bibendum morbi non', '2022-10-05 04:25:02', 55, 22);
insert into message (id, content, "date", channel_id, user_id) values (230, 'tempor convallis', '2023-02-12 19:29:45', 11, 10);
insert into message (id, content, "date", channel_id, user_id) values (231, 'aliquet ultrices erat tortor sollicitudin mi sit amet lobortis sapien sapien non', '2022-04-30 12:27:39', 50, 6);
insert into message (id, content, "date", channel_id, user_id) values (232, 'luctus', '2021-11-25 15:33:33', 7, 12);
insert into message (id, content, "date", channel_id, user_id) values (233, 'sem sed sagittis nam congue risus semper porta volutpat quam pede lobortis ligula sit amet eleifend pede libero quis orci', '2021-03-15 21:22:54', 47, 27);
insert into message (id, content, "date", channel_id, user_id) values (234, 'habitasse', '2020-05-19 14:01:58', 37, 24);
insert into message (id, content, "date", channel_id, user_id) values (235, 'suspendisse potenti nullam porttitor lacus at turpis donec posuere metus vitae ipsum aliquam non mauris morbi non lectus aliquam sit amet diam in magna', '2022-03-05 19:25:18', 45, 24);
insert into message (id, content, "date", channel_id, user_id) values (236, 'commodo placerat praesent blandit', '2022-01-20 21:22:25', 53, 29);
insert into message (id, content, "date", channel_id, user_id) values (237, 'nisi nam ultrices libero non mattis pulvinar nulla pede ullamcorper augue a suscipit', '2020-06-05 04:50:00', 32, 25);
insert into message (id, content, "date", channel_id, user_id) values (238, 'pretium iaculis justo in hac habitasse platea dictumst etiam faucibus cursus urna ut tellus nulla ut erat id mauris vulputate elementum', '2021-07-09 06:32:07', 49, 7);
insert into message (id, content, "date", channel_id, user_id) values (239, 'morbi a ipsum integer a nibh in quis justo maecenas rhoncus aliquam lacus morbi quis tortor id nulla', '2021-11-11 03:22:43', 33, 7);
insert into message (id, content, "date", channel_id, user_id) values (240, 'pretium iaculis', '2022-09-18 19:17:51', 1, 24);
insert into message (id, content, "date", channel_id, user_id) values (241, 'ut nunc', '2022-08-16 10:57:35', 59, 19);
insert into message (id, content, "date", channel_id, user_id) values (242, 'eget orci vehicula condimentum curabitur in libero ut massa', '2021-01-16 00:11:44', 6, 8);
insert into message (id, content, "date", channel_id, user_id) values (243, 'odio donec vitae nisi nam ultrices libero non mattis pulvinar nulla pede ullamcorper augue a suscipit nulla elit ac nulla sed vel enim sit', '2021-10-25 16:43:34', 47, 12);
insert into message (id, content, "date", channel_id, user_id) values (244, 'justo aliquam quis turpis eget elit', '2023-02-21 06:40:59', 27, 10);
insert into message (id, content, "date", channel_id, user_id) values (245, 'nullam orci pede venenatis non sodales sed tincidunt eu felis fusce posuere felis sed lacus morbi sem mauris laoreet ut rhoncus aliquet', '2021-03-27 19:21:03', 52, 7);
insert into message (id, content, "date", channel_id, user_id) values (246, 'ipsum integer a nibh in', '2021-07-22 16:24:45', 25, 29);
insert into message (id, content, "date", channel_id, user_id) values (247, 'cras pellentesque volutpat dui maecenas tristique est et tempus semper est quam', '2020-06-07 21:17:49', 8, 24);
insert into message (id, content, "date", channel_id, user_id) values (248, 'et magnis dis parturient montes', '2021-02-23 03:06:17', 43, 6);
insert into message (id, content, "date", channel_id, user_id) values (249, 'est phasellus sit amet erat nulla tempus vivamus', '2020-04-12 19:57:39', 59, 5);
insert into message (id, content, "date", channel_id, user_id) values (250, 'mus etiam vel augue vestibulum rutrum rutrum neque', '2022-04-27 09:45:15', 52, 26);
insert into message (id, content, "date", channel_id, user_id) values (251, 'quisque ut erat', '2021-07-30 15:21:27', 47, 9);
insert into message (id, content, "date", channel_id, user_id) values (252, 'mi in porttitor', '2020-10-03 18:14:09', 16, 5);
insert into message (id, content, "date", channel_id, user_id) values (253, 'nulla justo aliquam quis turpis', '2022-11-17 15:35:58', 17, 2);
insert into message (id, content, "date", channel_id, user_id) values (254, 'ligula in lacus curabitur at ipsum ac tellus semper interdum mauris ullamcorper purus sit amet nulla quisque arcu libero rutrum ac lobortis vel dapibus at', '2022-07-05 15:02:21', 16, 10);
insert into message (id, content, "date", channel_id, user_id) values (255, 'dui luctus rutrum nulla tellus in sagittis dui vel nisl duis ac nibh fusce lacus purus aliquet at', '2023-01-17 15:46:38', 47, 13);
insert into message (id, content, "date", channel_id, user_id) values (256, 'nibh in quis justo maecenas rhoncus aliquam lacus morbi quis tortor id nulla ultrices aliquet maecenas leo', '2020-12-08 19:33:59', 34, 28);
insert into message (id, content, "date", channel_id, user_id) values (257, 'in hac habitasse platea dictumst', '2022-08-24 17:27:08', 16, 6);
insert into message (id, content, "date", channel_id, user_id) values (258, 'consequat nulla nisl nunc nisl duis bibendum felis sed interdum venenatis turpis enim blandit mi in', '2021-04-06 07:02:23', 16, 26);
insert into message (id, content, "date", channel_id, user_id) values (259, 'quam nec dui luctus rutrum nulla tellus in sagittis dui vel nisl duis ac nibh fusce lacus purus aliquet at', '2020-08-02 02:01:43', 30, 17);
insert into message (id, content, "date", channel_id, user_id) values (260, 'luctus nec molestie sed justo pellentesque viverra pede ac diam cras pellentesque', '2022-06-09 06:07:52', 59, 22);
insert into message (id, content, "date", channel_id, user_id) values (261, 'nibh', '2020-12-04 03:41:00', 29, 30);
insert into message (id, content, "date", channel_id, user_id) values (262, 'massa donec dapibus duis at velit eu est congue elementum in hac habitasse platea', '2022-08-19 22:27:27', 13, 23);
insert into message (id, content, "date", channel_id, user_id) values (263, 'sit amet', '2021-04-11 21:19:42', 1, 9);
insert into message (id, content, "date", channel_id, user_id) values (264, 'elit sodales scelerisque mauris sit amet eros suspendisse accumsan tortor quis turpis sed ante vivamus tortor duis mattis egestas metus aenean fermentum donec', '2020-04-17 20:43:19', 41, 21);
insert into message (id, content, "date", channel_id, user_id) values (265, 'id nisl venenatis lacinia aenean sit amet justo morbi ut odio cras mi pede malesuada in imperdiet', '2022-11-02 09:00:07', 57, 9);
insert into message (id, content, "date", channel_id, user_id) values (266, 'blandit ultrices enim lorem ipsum dolor sit amet consectetuer adipiscing elit proin interdum mauris non ligula pellentesque ultrices phasellus id sapien in sapien iaculis', '2022-02-13 14:00:35', 47, 9);
insert into message (id, content, "date", channel_id, user_id) values (267, 'posuere cubilia curae', '2022-07-28 22:19:12', 29, 13);
insert into message (id, content, "date", channel_id, user_id) values (268, 'ipsum ac tellus semper interdum mauris ullamcorper purus sit amet nulla quisque', '2021-06-06 14:52:23', 17, 15);
insert into message (id, content, "date", channel_id, user_id) values (269, 'vestibulum velit', '2022-09-18 08:48:17', 44, 22);
insert into message (id, content, "date", channel_id, user_id) values (270, 'donec odio justo sollicitudin ut suscipit a feugiat et eros vestibulum ac est lacinia nisi venenatis tristique fusce', '2021-02-28 01:36:35', 32, 12);
insert into message (id, content, "date", channel_id, user_id) values (271, 'lectus suspendisse potenti in eleifend quam a odio in hac habitasse platea dictumst maecenas ut massa quis augue luctus', '2020-05-01 09:57:36', 42, 15);
insert into message (id, content, "date", channel_id, user_id) values (272, 'est phasellus sit amet erat nulla tempus vivamus in felis eu sapien cursus vestibulum proin eu mi nulla ac', '2021-11-20 15:43:43', 25, 13);
insert into message (id, content, "date", channel_id, user_id) values (273, 'purus phasellus', '2021-04-21 23:24:58', 4, 21);
insert into message (id, content, "date", channel_id, user_id) values (274, 'mollis molestie lorem quisque ut erat curabitur gravida nisi at nibh in hac habitasse platea dictumst aliquam augue quam sollicitudin vitae', '2022-08-22 07:15:15', 19, 12);
insert into message (id, content, "date", channel_id, user_id) values (275, 'ultrices mattis odio donec vitae nisi nam ultrices libero non mattis pulvinar nulla pede ullamcorper augue a', '2023-03-15 03:49:03', 20, 9);
insert into message (id, content, "date", channel_id, user_id) values (276, 'feugiat et eros vestibulum ac est lacinia nisi venenatis tristique fusce congue diam id ornare imperdiet sapien urna pretium nisl ut volutpat', '2022-11-19 14:12:53', 21, 11);
insert into message (id, content, "date", channel_id, user_id) values (277, 'at turpis donec posuere metus vitae ipsum aliquam non mauris morbi non lectus aliquam sit amet diam in magna bibendum imperdiet nullam orci pede', '2020-08-15 18:12:44', 32, 13);
insert into message (id, content, "date", channel_id, user_id) values (278, 'vel lectus in quam fringilla rhoncus mauris enim leo rhoncus sed vestibulum sit amet cursus id turpis integer aliquet massa id lobortis convallis tortor risus', '2022-11-09 14:11:37', 9, 11);
insert into message (id, content, "date", channel_id, user_id) values (279, 'interdum in ante vestibulum', '2021-09-11 01:43:55', 30, 25);
insert into message (id, content, "date", channel_id, user_id) values (280, 'vulputate vitae nisl aenean lectus pellentesque', '2021-10-18 04:19:21', 49, 2);
insert into message (id, content, "date", channel_id, user_id) values (281, 'vestibulum quam sapien varius ut blandit non interdum in ante vestibulum ante ipsum', '2021-08-25 04:16:36', 10, 17);
insert into message (id, content, "date", channel_id, user_id) values (282, 'dolor', '2020-04-13 00:06:57', 40, 25);
insert into message (id, content, "date", channel_id, user_id) values (283, 'eros viverra eget congue', '2020-08-15 05:42:31', 9, 4);
insert into message (id, content, "date", channel_id, user_id) values (284, 'molestie lorem quisque ut erat curabitur gravida nisi at nibh in hac habitasse', '2023-03-17 03:12:58', 53, 17);
insert into message (id, content, "date", channel_id, user_id) values (285, 'consequat', '2022-01-24 00:51:43', 36, 12);
insert into message (id, content, "date", channel_id, user_id) values (286, 'enim in tempor turpis nec euismod scelerisque quam turpis adipiscing lorem vitae mattis nibh ligula nec sem', '2020-05-10 19:42:43', 40, 9);
insert into message (id, content, "date", channel_id, user_id) values (287, 'nunc viverra dapibus nulla', '2021-07-04 11:08:00', 56, 14);
insert into message (id, content, "date", channel_id, user_id) values (288, 'elit ac nulla sed vel enim sit amet nunc viverra dapibus nulla suscipit ligula in lacus curabitur at ipsum ac tellus semper', '2021-03-15 19:11:14', 20, 16);
insert into message (id, content, "date", channel_id, user_id) values (289, 'quis turpis eget elit sodales scelerisque mauris sit amet eros suspendisse accumsan', '2022-06-13 09:35:23', 55, 15);
insert into message (id, content, "date", channel_id, user_id) values (290, 'aliquet massa id lobortis convallis tortor risus dapibus augue vel accumsan tellus', '2020-05-07 20:26:03', 51, 11);
insert into message (id, content, "date", channel_id, user_id) values (291, 'non ligula pellentesque ultrices phasellus id sapien in sapien iaculis congue vivamus metus arcu adipiscing molestie hendrerit at vulputate vitae nisl aenean lectus', '2021-11-27 15:52:10', 60, 15);
insert into message (id, content, "date", channel_id, user_id) values (292, 'felis donec semper sapien a libero nam dui proin leo odio porttitor id consequat in consequat ut nulla sed', '2021-09-23 07:34:44', 12, 9);
insert into message (id, content, "date", channel_id, user_id) values (293, 'curabitur at ipsum ac tellus semper interdum mauris ullamcorper purus sit amet nulla quisque arcu libero rutrum ac lobortis vel dapibus at diam', '2021-06-05 10:42:40', 22, 12);
insert into message (id, content, "date", channel_id, user_id) values (294, 'lacinia eget tincidunt eget tempus vel pede morbi porttitor', '2020-12-01 12:09:36', 20, 27);
insert into message (id, content, "date", channel_id, user_id) values (295, 'hac habitasse platea dictumst etiam faucibus cursus urna', '2022-03-17 02:20:18', 56, 9);
insert into message (id, content, "date", channel_id, user_id) values (296, 'eros suspendisse accumsan tortor quis turpis sed ante vivamus tortor duis mattis egestas metus aenean fermentum donec ut mauris eget', '2021-08-10 11:59:35', 54, 20);
insert into message (id, content, "date", channel_id, user_id) values (297, 'vulputate justo in blandit ultrices enim lorem', '2021-07-23 20:58:09', 18, 10);
insert into message (id, content, "date", channel_id, user_id) values (298, 'ullamcorper augue a suscipit nulla elit ac nulla sed vel enim sit amet nunc viverra dapibus nulla', '2022-08-07 19:44:13', 33, 18);
insert into message (id, content, "date", channel_id, user_id) values (299, 'ligula sit amet eleifend pede libero quis orci nullam molestie nibh in lectus pellentesque at nulla suspendisse potenti cras in', '2022-04-30 14:58:27', 3, 9);
insert into message (id, content, "date", channel_id, user_id) values (300, 'erat eros viverra eget congue eget semper rutrum nulla nunc purus phasellus in felis donec semper sapien a libero nam dui proin', '2022-07-10 06:11:34', 36, 24);
insert into message (id, content, "date", channel_id, user_id) values (301, 'orci eget orci vehicula condimentum curabitur in libero ut massa volutpat convallis morbi odio odio elementum eu interdum', '2022-12-14 16:22:13', 17, 23);
insert into message (id, content, "date", channel_id, user_id) values (302, 'ut erat id mauris vulputate elementum nullam varius nulla facilisi cras non velit', '2022-08-07 08:26:25', 46, 22);
insert into message (id, content, "date", channel_id, user_id) values (303, 'quam suspendisse potenti nullam porttitor lacus at turpis donec posuere metus vitae ipsum aliquam non mauris morbi non', '2020-05-16 12:14:01', 5, 17);
insert into message (id, content, "date", channel_id, user_id) values (304, 'vel est donec odio justo sollicitudin ut suscipit a', '2021-03-13 00:07:19', 30, 27);
insert into message (id, content, "date", channel_id, user_id) values (305, 'morbi sem mauris laoreet ut rhoncus aliquet pulvinar', '2021-07-21 10:15:30', 49, 28);
insert into message (id, content, "date", channel_id, user_id) values (306, 'id massa', '2021-08-28 02:45:15', 28, 12);
insert into message (id, content, "date", channel_id, user_id) values (307, 'et magnis dis parturient montes nascetur ridiculus mus etiam vel augue vestibulum rutrum rutrum neque aenean', '2022-03-28 11:25:32', 37, 14);
insert into message (id, content, "date", channel_id, user_id) values (308, 'quis justo maecenas rhoncus aliquam lacus', '2021-11-16 16:54:06', 54, 2);
insert into message (id, content, "date", channel_id, user_id) values (309, 'consectetuer eget rutrum at lorem integer tincidunt ante vel ipsum praesent blandit lacinia erat vestibulum sed magna at nunc commodo placerat praesent', '2023-02-07 06:21:27', 28, 9);
insert into message (id, content, "date", channel_id, user_id) values (310, 'lobortis est', '2022-08-12 04:02:36', 57, 27);
insert into message (id, content, "date", channel_id, user_id) values (311, 'urna pretium nisl ut volutpat sapien arcu sed augue aliquam erat volutpat in congue etiam justo etiam pretium iaculis', '2020-12-23 01:55:27', 51, 14);
insert into message (id, content, "date", channel_id, user_id) values (312, 'semper est quam', '2021-12-01 05:49:02', 6, 27);
insert into message (id, content, "date", channel_id, user_id) values (313, 'pede ac diam cras pellentesque volutpat dui maecenas tristique est et tempus semper est quam pharetra magna ac consequat metus sapien', '2020-12-27 20:02:57', 44, 9);
insert into message (id, content, "date", channel_id, user_id) values (314, 'euismod scelerisque quam turpis adipiscing lorem vitae mattis nibh ligula nec', '2020-07-28 08:14:35', 54, 20);
insert into message (id, content, "date", channel_id, user_id) values (315, 'est congue elementum in hac habitasse platea dictumst morbi vestibulum velit', '2021-02-15 11:18:54', 60, 1);
insert into message (id, content, "date", channel_id, user_id) values (316, 'aliquam convallis nunc proin at turpis a pede posuere nonummy integer non velit donec diam neque vestibulum eget vulputate', '2022-06-20 17:06:11', 2, 25);
insert into message (id, content, "date", channel_id, user_id) values (317, 'in leo maecenas pulvinar lobortis est phasellus', '2022-11-07 13:11:24', 14, 1);
insert into message (id, content, "date", channel_id, user_id) values (318, 'vulputate vitae nisl aenean lectus pellentesque eget nunc', '2021-12-10 12:52:46', 7, 20);
insert into message (id, content, "date", channel_id, user_id) values (319, 'accumsan felis ut at dolor quis odio consequat varius integer ac leo pellentesque ultrices mattis odio donec vitae nisi nam ultrices libero non mattis', '2022-03-10 12:29:06', 12, 3);
insert into message (id, content, "date", channel_id, user_id) values (320, 'natoque penatibus et magnis dis parturient montes nascetur ridiculus mus etiam vel augue vestibulum rutrum rutrum neque aenean auctor gravida', '2021-11-20 04:59:57', 37, 1);
insert into message (id, content, "date", channel_id, user_id) values (321, 'integer aliquet massa id lobortis convallis tortor', '2020-10-07 02:18:30', 37, 20);
insert into message (id, content, "date", channel_id, user_id) values (322, 'nibh fusce lacus purus aliquet at feugiat non pretium quis lectus suspendisse potenti in eleifend quam a odio in hac habitasse platea dictumst maecenas', '2021-11-09 22:58:43', 30, 12);
insert into message (id, content, "date", channel_id, user_id) values (323, 'non mauris morbi non lectus aliquam sit amet diam in magna bibendum imperdiet nullam orci pede', '2020-07-01 15:43:05', 40, 22);
insert into message (id, content, "date", channel_id, user_id) values (324, 'eu massa donec', '2021-04-12 05:54:50', 3, 2);
insert into message (id, content, "date", channel_id, user_id) values (325, 'erat quisque erat eros viverra eget congue eget semper rutrum nulla nunc purus phasellus in felis', '2021-04-13 12:09:35', 38, 21);
insert into message (id, content, "date", channel_id, user_id) values (326, 'aenean fermentum donec ut mauris eget', '2021-10-24 21:22:21', 15, 19);
insert into message (id, content, "date", channel_id, user_id) values (327, 'tempus sit amet sem fusce consequat nulla nisl', '2023-03-17 09:46:54', 42, 22);
insert into message (id, content, "date", channel_id, user_id) values (328, 'lacus at velit vivamus vel nulla eget eros elementum', '2022-05-02 05:33:21', 34, 3);
insert into message (id, content, "date", channel_id, user_id) values (329, 'ut tellus nulla ut erat id mauris vulputate elementum nullam varius nulla facilisi cras non velit nec nisi vulputate nonummy maecenas tincidunt lacus at velit', '2021-05-28 09:10:24', 49, 9);
insert into message (id, content, "date", channel_id, user_id) values (330, 'sapien cum sociis natoque penatibus et magnis dis parturient montes nascetur ridiculus mus etiam vel augue vestibulum rutrum rutrum neque', '2023-03-21 08:54:24', 10, 10);
insert into message (id, content, "date", channel_id, user_id) values (331, 'est lacinia nisi venenatis tristique fusce congue diam id ornare imperdiet sapien urna pretium nisl ut volutpat sapien arcu sed augue aliquam erat', '2023-03-02 05:07:18', 6, 4);
insert into message (id, content, "date", channel_id, user_id) values (332, 'non quam nec dui luctus rutrum nulla tellus in sagittis dui vel nisl duis ac nibh fusce lacus purus aliquet at feugiat non pretium quis', '2021-08-11 10:47:33', 34, 28);
insert into message (id, content, "date", channel_id, user_id) values (333, 'quisque porta', '2020-08-03 01:26:23', 45, 11);
insert into message (id, content, "date", channel_id, user_id) values (334, 'vitae ipsum aliquam non mauris morbi non lectus aliquam sit amet diam in magna bibendum imperdiet nullam', '2021-01-10 13:01:43', 18, 3);
insert into message (id, content, "date", channel_id, user_id) values (335, 'maecenas pulvinar lobortis est phasellus sit amet erat nulla', '2021-06-06 07:33:35', 56, 24);
insert into message (id, content, "date", channel_id, user_id) values (336, 'consequat nulla nisl nunc nisl duis bibendum felis sed interdum venenatis turpis enim blandit mi', '2020-12-12 12:33:54', 17, 15);
insert into message (id, content, "date", channel_id, user_id) values (337, 'eget vulputate ut ultrices', '2022-07-15 12:14:36', 34, 27);
insert into message (id, content, "date", channel_id, user_id) values (338, 'mauris enim leo rhoncus sed vestibulum sit amet cursus', '2022-04-05 00:15:44', 39, 11);
insert into message (id, content, "date", channel_id, user_id) values (339, 'ultrices libero non mattis pulvinar nulla pede ullamcorper augue a suscipit nulla elit ac nulla sed vel enim sit amet nunc viverra dapibus nulla suscipit', '2021-11-15 19:16:58', 58, 12);
insert into message (id, content, "date", channel_id, user_id) values (340, 'pulvinar nulla pede ullamcorper augue a suscipit nulla elit ac nulla sed vel enim', '2020-10-15 05:57:15', 26, 6);
insert into message (id, content, "date", channel_id, user_id) values (341, 'integer pede justo lacinia eget tincidunt eget tempus vel pede morbi porttitor lorem id', '2022-10-12 12:32:05', 5, 20);
insert into message (id, content, "date", channel_id, user_id) values (342, 'malesuada in imperdiet et commodo vulputate justo in blandit ultrices enim lorem ipsum dolor sit amet consectetuer adipiscing elit proin interdum mauris non ligula pellentesque', '2022-12-31 11:10:45', 5, 19);
insert into message (id, content, "date", channel_id, user_id) values (343, 'pellentesque eget nunc donec quis orci eget orci', '2021-03-11 06:57:40', 27, 10);
insert into message (id, content, "date", channel_id, user_id) values (344, 'bibendum felis sed interdum venenatis turpis enim blandit mi in porttitor pede justo eu massa donec dapibus duis at velit eu est congue elementum', '2020-12-11 15:05:30', 13, 7);
insert into message (id, content, "date", channel_id, user_id) values (345, 'nullam orci pede venenatis non sodales sed tincidunt eu felis fusce posuere felis sed lacus morbi sem', '2022-02-23 06:45:24', 46, 14);
insert into message (id, content, "date", channel_id, user_id) values (346, 'vestibulum quam sapien varius ut blandit non interdum in ante vestibulum ante ipsum primis in faucibus orci luctus et ultrices posuere', '2022-09-22 01:14:22', 6, 12);
insert into message (id, content, "date", channel_id, user_id) values (347, 'ut blandit non interdum in ante vestibulum ante ipsum primis in faucibus orci luctus et', '2022-09-01 02:01:22', 9, 18);
insert into message (id, content, "date", channel_id, user_id) values (348, 'elementum nullam varius nulla facilisi cras non velit nec nisi vulputate nonummy maecenas tincidunt lacus at velit vivamus vel nulla eget', '2022-07-13 23:08:21', 47, 30);
insert into message (id, content, "date", channel_id, user_id) values (349, 'massa donec dapibus duis at velit eu est congue elementum in hac habitasse platea dictumst morbi vestibulum velit id pretium iaculis diam erat fermentum justo', '2022-07-10 09:08:54', 17, 2);
insert into message (id, content, "date", channel_id, user_id) values (350, 'nisi eu orci mauris lacinia sapien quis libero nullam sit amet turpis elementum ligula vehicula', '2021-10-06 19:35:37', 19, 8);
insert into message (id, content, "date", channel_id, user_id) values (351, 'nibh in hac habitasse platea dictumst aliquam augue quam sollicitudin vitae consectetuer eget', '2021-01-01 04:49:04', 21, 26);
insert into message (id, content, "date", channel_id, user_id) values (352, 'volutpat dui maecenas', '2021-03-01 15:36:54', 26, 2);
insert into message (id, content, "date", channel_id, user_id) values (353, 'urna ut tellus nulla ut erat id mauris vulputate elementum nullam varius', '2022-06-13 23:30:45', 16, 18);
insert into message (id, content, "date", channel_id, user_id) values (354, 'orci eget orci vehicula condimentum curabitur in libero', '2021-10-18 00:26:41', 27, 22);
insert into message (id, content, "date", channel_id, user_id) values (355, 'gravida sem praesent id massa id nisl venenatis lacinia aenean sit amet justo', '2021-02-11 08:30:46', 27, 28);
insert into message (id, content, "date", channel_id, user_id) values (356, 'imperdiet sapien urna pretium nisl ut volutpat sapien arcu sed augue aliquam erat volutpat in congue', '2021-08-12 15:44:26', 49, 9);
insert into message (id, content, "date", channel_id, user_id) values (357, 'vel sem sed sagittis nam congue risus semper porta volutpat quam pede lobortis ligula sit amet eleifend pede', '2021-02-21 00:03:13', 58, 12);
insert into message (id, content, "date", channel_id, user_id) values (358, 'pede lobortis ligula sit amet', '2022-12-02 13:50:16', 54, 27);
insert into message (id, content, "date", channel_id, user_id) values (359, 'non mauris morbi non lectus aliquam sit amet diam in magna bibendum imperdiet nullam orci pede venenatis', '2022-10-01 14:46:36', 25, 20);
insert into message (id, content, "date", channel_id, user_id) values (360, 'in congue etiam justo etiam pretium iaculis justo in hac habitasse', '2021-09-05 11:55:04', 7, 19);
insert into message (id, content, "date", channel_id, user_id) values (361, 'id ornare imperdiet sapien urna', '2022-02-16 16:22:52', 10, 5);
insert into message (id, content, "date", channel_id, user_id) values (362, 'in sagittis dui vel nisl duis ac nibh fusce lacus purus aliquet at feugiat non pretium quis lectus suspendisse potenti in', '2022-09-26 18:22:17', 8, 26);
insert into message (id, content, "date", channel_id, user_id) values (363, 'consequat lectus in est risus auctor sed tristique in tempus', '2021-06-12 13:33:28', 52, 21);
insert into message (id, content, "date", channel_id, user_id) values (364, 'pede morbi porttitor lorem id ligula suspendisse ornare consequat lectus in est risus auctor sed tristique in tempus sit amet', '2022-04-16 09:13:31', 1, 17);
insert into message (id, content, "date", channel_id, user_id) values (365, 'pellentesque ultrices phasellus', '2020-08-13 01:32:59', 9, 1);
insert into message (id, content, "date", channel_id, user_id) values (366, 'in hac habitasse platea dictumst morbi vestibulum velit', '2020-04-25 01:48:39', 13, 1);
insert into message (id, content, "date", channel_id, user_id) values (367, 'venenatis turpis enim blandit mi in porttitor', '2022-10-29 20:47:41', 41, 17);
insert into message (id, content, "date", channel_id, user_id) values (368, 'amet eros suspendisse accumsan tortor quis', '2022-11-11 14:02:21', 5, 9);
insert into message (id, content, "date", channel_id, user_id) values (369, 'eget nunc donec quis orci eget', '2023-01-17 18:57:10', 2, 29);
insert into message (id, content, "date", channel_id, user_id) values (370, 'luctus ultricies eu nibh quisque id justo sit amet sapien dignissim vestibulum vestibulum ante ipsum', '2023-03-11 03:24:35', 41, 5);
insert into message (id, content, "date", channel_id, user_id) values (371, 'in', '2022-10-22 19:05:19', 37, 12);
insert into message (id, content, "date", channel_id, user_id) values (372, 'in hac habitasse platea dictumst morbi vestibulum velit id pretium iaculis diam erat fermentum justo nec condimentum neque sapien', '2020-10-26 03:57:21', 36, 4);
insert into message (id, content, "date", channel_id, user_id) values (373, 'vehicula consequat morbi', '2021-05-31 08:43:11', 8, 6);
insert into message (id, content, "date", channel_id, user_id) values (374, 'fusce consequat nulla nisl nunc nisl duis bibendum felis sed interdum venenatis turpis enim blandit mi in porttitor pede justo eu massa donec dapibus duis', '2023-03-01 15:05:08', 18, 20);
insert into message (id, content, "date", channel_id, user_id) values (375, 'amet eros suspendisse accumsan tortor quis turpis', '2021-01-27 23:50:47', 25, 3);
insert into message (id, content, "date", channel_id, user_id) values (376, 'sed justo pellentesque viverra pede ac diam cras pellentesque volutpat dui maecenas tristique est et tempus semper est quam pharetra', '2020-08-02 17:55:35', 37, 21);
insert into message (id, content, "date", channel_id, user_id) values (377, 'ultrices erat tortor sollicitudin mi sit', '2020-12-23 09:37:26', 21, 3);
insert into message (id, content, "date", channel_id, user_id) values (378, 'habitasse', '2020-07-14 05:40:35', 49, 7);
insert into message (id, content, "date", channel_id, user_id) values (379, 'sem praesent id massa id nisl venenatis lacinia aenean sit amet justo morbi ut odio cras mi pede malesuada', '2022-08-28 03:59:50', 15, 18);
insert into message (id, content, "date", channel_id, user_id) values (380, 'luctus ultricies eu nibh quisque id', '2022-07-22 08:02:15', 48, 15);
insert into message (id, content, "date", channel_id, user_id) values (381, 'neque vestibulum eget vulputate ut', '2020-10-16 01:51:07', 39, 8);
insert into message (id, content, "date", channel_id, user_id) values (382, 'vivamus in felis eu sapien cursus vestibulum proin eu mi nulla ac enim in', '2021-10-25 12:44:14', 11, 21);
insert into message (id, content, "date", channel_id, user_id) values (383, 'eget tincidunt eget tempus vel pede morbi porttitor lorem id ligula suspendisse ornare consequat lectus in est risus auctor sed tristique', '2022-12-16 09:16:09', 10, 16);
insert into message (id, content, "date", channel_id, user_id) values (384, 'luctus ultricies eu nibh quisque id justo sit amet sapien dignissim vestibulum vestibulum ante ipsum primis in faucibus orci luctus et ultrices posuere cubilia curae', '2022-09-27 07:16:11', 23, 9);
insert into message (id, content, "date", channel_id, user_id) values (385, 'potenti in eleifend quam a odio in hac habitasse', '2022-11-21 20:46:44', 8, 7);
insert into message (id, content, "date", channel_id, user_id) values (386, 'sit amet eros suspendisse accumsan tortor quis turpis sed ante vivamus tortor duis mattis egestas metus aenean fermentum donec ut mauris eget massa tempor convallis', '2021-04-09 05:06:12', 34, 26);
insert into message (id, content, "date", channel_id, user_id) values (387, 'quis augue luctus tincidunt nulla mollis molestie lorem quisque ut', '2021-12-30 05:36:51', 55, 28);
insert into message (id, content, "date", channel_id, user_id) values (388, 'arcu sed augue aliquam erat volutpat in congue etiam justo etiam pretium iaculis justo in hac', '2021-03-31 20:50:36', 15, 12);
insert into message (id, content, "date", channel_id, user_id) values (389, 'felis donec semper sapien a libero nam dui proin leo odio', '2022-09-18 09:58:51', 26, 10);
insert into message (id, content, "date", channel_id, user_id) values (390, 'faucibus orci luctus et ultrices posuere cubilia curae duis faucibus accumsan odio curabitur convallis duis consequat dui nec nisi volutpat eleifend donec ut dolor morbi', '2021-02-04 00:44:34', 27, 23);
insert into message (id, content, "date", channel_id, user_id) values (391, 'est lacinia nisi venenatis tristique fusce congue diam id ornare imperdiet sapien urna pretium nisl ut volutpat sapien arcu sed augue aliquam erat', '2020-08-13 06:26:23', 23, 11);
insert into message (id, content, "date", channel_id, user_id) values (392, 'volutpat eleifend donec ut dolor morbi vel lectus in', '2020-12-11 09:06:26', 33, 7);
insert into message (id, content, "date", channel_id, user_id) values (393, 'nulla tempus vivamus in felis', '2022-09-16 12:57:05', 29, 15);
insert into message (id, content, "date", channel_id, user_id) values (394, 'amet sapien dignissim vestibulum vestibulum ante ipsum primis in faucibus orci luctus et ultrices posuere cubilia curae', '2021-02-02 12:56:24', 41, 16);
insert into message (id, content, "date", channel_id, user_id) values (395, 'odio porttitor id consequat in consequat ut', '2021-01-23 10:39:45', 2, 29);
insert into message (id, content, "date", channel_id, user_id) values (396, 'nulla tellus in sagittis dui vel nisl duis ac nibh fusce lacus purus aliquet at feugiat', '2023-02-06 23:31:35', 19, 7);
insert into message (id, content, "date", channel_id, user_id) values (397, 'velit donec diam', '2021-10-30 01:10:13', 38, 9);
insert into message (id, content, "date", channel_id, user_id) values (398, 'mauris viverra diam vitae quam suspendisse potenti nullam porttitor lacus at turpis donec posuere metus vitae ipsum aliquam', '2020-08-09 03:54:54', 58, 11);
insert into message (id, content, "date", channel_id, user_id) values (399, 'in consequat ut nulla sed accumsan', '2022-08-11 22:14:37', 28, 17);
insert into message (id, content, "date", channel_id, user_id) values (400, 'ac neque duis', '2021-01-18 18:20:24', 4, 1);
insert into message (id, content, "date", channel_id, user_id) values (401, 'ligula sit amet eleifend pede libero quis orci nullam molestie nibh in lectus pellentesque at nulla suspendisse potenti cras in purus', '2022-05-06 04:54:20', 19, 12);
insert into message (id, content, "date", channel_id, user_id) values (402, 'velit donec diam neque vestibulum eget vulputate', '2022-10-23 06:04:57', 13, 8);
insert into message (id, content, "date", channel_id, user_id) values (403, 'orci', '2020-06-03 06:53:19', 58, 30);
insert into message (id, content, "date", channel_id, user_id) values (404, 'condimentum curabitur in libero ut massa volutpat convallis morbi odio odio elementum eu interdum eu tincidunt in leo maecenas pulvinar lobortis est', '2021-04-18 00:20:30', 8, 1);
insert into message (id, content, "date", channel_id, user_id) values (405, 'praesent blandit lacinia erat vestibulum sed magna at nunc commodo placerat praesent blandit nam nulla', '2022-06-24 02:24:38', 54, 6);
insert into message (id, content, "date", channel_id, user_id) values (406, 'dis parturient montes nascetur ridiculus mus etiam vel augue vestibulum rutrum rutrum neque aenean auctor gravida sem praesent id massa id nisl venenatis lacinia aenean', '2021-08-05 14:30:00', 39, 5);
insert into message (id, content, "date", channel_id, user_id) values (407, 'justo lacinia eget tincidunt', '2022-10-14 18:14:48', 25, 1);
insert into message (id, content, "date", channel_id, user_id) values (408, 'vivamus vel nulla eget eros', '2022-07-23 15:07:07', 59, 22);
insert into message (id, content, "date", channel_id, user_id) values (409, 'sagittis sapien cum sociis natoque penatibus et magnis dis parturient montes nascetur ridiculus mus etiam vel', '2022-05-01 14:55:21', 7, 13);
insert into message (id, content, "date", channel_id, user_id) values (410, 'ut volutpat sapien arcu sed augue aliquam erat volutpat in congue etiam justo etiam pretium iaculis justo in hac habitasse', '2020-09-21 23:43:17', 31, 24);
insert into message (id, content, "date", channel_id, user_id) values (411, 'dictumst maecenas ut', '2020-07-14 06:18:33', 13, 10);
insert into message (id, content, "date", channel_id, user_id) values (412, 'posuere felis sed lacus morbi sem mauris laoreet ut rhoncus aliquet pulvinar sed nisl nunc rhoncus dui vel sem sed sagittis nam congue', '2021-04-30 09:22:37', 59, 12);
insert into message (id, content, "date", channel_id, user_id) values (413, 'dolor quis odio consequat varius integer ac leo pellentesque', '2022-08-12 02:27:07', 50, 14);
insert into message (id, content, "date", channel_id, user_id) values (414, 'eros suspendisse accumsan', '2022-01-21 00:14:33', 27, 27);
insert into message (id, content, "date", channel_id, user_id) values (415, 'id ornare imperdiet sapien urna pretium nisl ut volutpat sapien arcu sed augue aliquam erat', '2022-09-25 17:31:47', 7, 12);
insert into message (id, content, "date", channel_id, user_id) values (416, 'vulputate elementum nullam varius nulla facilisi cras non velit nec nisi vulputate nonummy maecenas tincidunt lacus at', '2020-07-06 16:42:55', 33, 15);
insert into message (id, content, "date", channel_id, user_id) values (417, 'primis in faucibus orci luctus et ultrices posuere cubilia curae mauris viverra diam vitae quam suspendisse potenti nullam porttitor lacus at turpis donec posuere metus', '2022-03-17 07:37:18', 47, 1);
insert into message (id, content, "date", channel_id, user_id) values (418, 'justo sollicitudin ut suscipit a feugiat et eros vestibulum ac est', '2020-10-17 11:45:47', 36, 29);
insert into message (id, content, "date", channel_id, user_id) values (419, 'adipiscing elit proin interdum mauris non ligula pellentesque ultrices phasellus', '2022-11-30 08:02:49', 24, 4);
insert into message (id, content, "date", channel_id, user_id) values (420, 'ante vel ipsum praesent blandit lacinia erat vestibulum sed magna at nunc commodo placerat praesent blandit nam nulla integer pede justo lacinia', '2022-02-22 22:51:16', 54, 7);
insert into message (id, content, "date", channel_id, user_id) values (421, 'ornare consequat lectus in est risus auctor sed tristique in tempus sit amet sem fusce consequat nulla nisl nunc nisl', '2022-06-04 04:02:10', 13, 21);
insert into message (id, content, "date", channel_id, user_id) values (422, 'quis libero nullam sit amet turpis elementum ligula vehicula consequat morbi a ipsum integer a nibh in quis justo maecenas rhoncus aliquam lacus morbi quis', '2022-03-15 03:57:42', 1, 21);
insert into message (id, content, "date", channel_id, user_id) values (423, 'varius integer ac leo pellentesque ultrices mattis odio donec vitae nisi nam ultrices libero', '2022-03-10 04:28:31', 22, 22);
insert into message (id, content, "date", channel_id, user_id) values (424, 'sit amet eros suspendisse accumsan tortor quis turpis sed ante vivamus tortor duis', '2021-04-08 23:43:23', 28, 10);
insert into message (id, content, "date", channel_id, user_id) values (425, 'sapien varius ut blandit non interdum in ante vestibulum ante ipsum primis in faucibus orci luctus et ultrices', '2021-08-12 09:14:24', 48, 28);
insert into message (id, content, "date", channel_id, user_id) values (426, 'vestibulum ante ipsum primis in faucibus orci luctus et', '2022-10-21 09:15:13', 33, 19);
insert into message (id, content, "date", channel_id, user_id) values (427, 'massa quis augue luctus tincidunt nulla mollis molestie lorem quisque ut erat curabitur gravida nisi at nibh in', '2020-11-29 04:23:28', 53, 4);
insert into message (id, content, "date", channel_id, user_id) values (428, 'nisl nunc nisl duis bibendum felis sed interdum venenatis turpis enim blandit mi', '2022-08-02 18:48:14', 31, 6);
insert into message (id, content, "date", channel_id, user_id) values (429, 'curabitur in libero ut massa volutpat convallis morbi odio odio elementum eu interdum eu', '2022-01-04 06:59:10', 10, 2);
insert into message (id, content, "date", channel_id, user_id) values (430, 'pede morbi porttitor lorem id ligula', '2021-06-11 02:01:59', 21, 21);
insert into message (id, content, "date", channel_id, user_id) values (431, 'pulvinar sed nisl nunc rhoncus dui vel sem', '2022-06-24 15:24:51', 58, 16);
insert into message (id, content, "date", channel_id, user_id) values (432, 'turpis eget elit sodales scelerisque mauris sit amet eros suspendisse accumsan tortor quis', '2020-07-02 03:14:49', 21, 9);
insert into message (id, content, "date", channel_id, user_id) values (433, 'est phasellus sit amet erat nulla tempus vivamus in felis eu sapien cursus vestibulum proin eu mi nulla ac enim in', '2021-07-07 19:49:41', 15, 29);
insert into message (id, content, "date", channel_id, user_id) values (434, 'dui luctus rutrum nulla tellus', '2023-03-18 00:45:38', 39, 15);
insert into message (id, content, "date", channel_id, user_id) values (435, 'habitasse platea dictumst maecenas ut massa quis augue', '2021-07-05 12:22:53', 32, 5);
insert into message (id, content, "date", channel_id, user_id) values (436, 'varius nulla facilisi cras non velit nec nisi vulputate nonummy maecenas tincidunt lacus at velit vivamus vel nulla eget', '2022-06-09 06:43:35', 43, 2);
insert into message (id, content, "date", channel_id, user_id) values (437, 'vestibulum ante', '2020-04-11 18:54:46', 15, 28);
insert into message (id, content, "date", channel_id, user_id) values (438, 'ornare imperdiet sapien urna pretium nisl ut volutpat sapien arcu sed augue aliquam erat volutpat in congue etiam justo etiam pretium iaculis justo in hac', '2022-04-23 00:10:36', 10, 28);
insert into message (id, content, "date", channel_id, user_id) values (439, 'vel augue vestibulum ante ipsum primis in faucibus orci luctus et ultrices posuere cubilia', '2021-07-30 13:36:25', 20, 5);
insert into message (id, content, "date", channel_id, user_id) values (440, 'elit proin interdum mauris non ligula pellentesque ultrices phasellus id sapien in sapien iaculis', '2023-03-14 06:33:14', 54, 10);
insert into message (id, content, "date", channel_id, user_id) values (441, 'eget elit sodales scelerisque mauris sit amet eros suspendisse accumsan tortor quis', '2023-02-19 16:32:47', 29, 17);
insert into message (id, content, "date", channel_id, user_id) values (442, 'dis parturient montes nascetur ridiculus mus vivamus vestibulum', '2022-09-27 22:23:17', 44, 5);
insert into message (id, content, "date", channel_id, user_id) values (443, 'pulvinar lobortis est phasellus sit amet erat nulla tempus vivamus in felis eu sapien cursus vestibulum', '2021-08-11 09:34:32', 21, 8);
insert into message (id, content, "date", channel_id, user_id) values (444, 'nullam porttitor lacus at turpis donec posuere metus vitae', '2021-03-31 19:43:03', 58, 28);
insert into message (id, content, "date", channel_id, user_id) values (445, 'eleifend luctus ultricies eu nibh quisque id justo sit amet sapien', '2021-02-24 20:22:42', 50, 28);
insert into message (id, content, "date", channel_id, user_id) values (446, 'sit amet consectetuer adipiscing elit proin risus praesent lectus vestibulum quam sapien varius', '2022-06-20 00:46:23', 2, 1);
insert into message (id, content, "date", channel_id, user_id) values (447, 'velit nec nisi vulputate nonummy maecenas tincidunt lacus at velit vivamus vel nulla eget eros elementum pellentesque quisque', '2021-04-06 03:58:54', 59, 3);
insert into message (id, content, "date", channel_id, user_id) values (448, 'sit', '2022-06-14 17:32:20', 3, 10);
insert into message (id, content, "date", channel_id, user_id) values (449, 'bibendum morbi non quam nec dui luctus rutrum nulla tellus in sagittis dui vel nisl duis ac', '2022-09-02 14:51:26', 44, 19);
insert into message (id, content, "date", channel_id, user_id) values (450, 'nulla sed vel', '2022-07-04 02:08:46', 50, 11);
insert into message (id, content, "date", channel_id, user_id) values (451, 'penatibus et magnis dis parturient montes nascetur ridiculus', '2020-09-16 13:02:18', 9, 24);
insert into message (id, content, "date", channel_id, user_id) values (452, 'praesent blandit lacinia erat vestibulum sed magna at nunc commodo placerat praesent blandit nam nulla integer pede justo lacinia eget tincidunt eget tempus vel pede', '2020-11-08 11:53:32', 50, 5);
insert into message (id, content, "date", channel_id, user_id) values (453, 'mauris morbi non lectus aliquam sit amet diam in magna bibendum imperdiet nullam orci pede', '2022-08-26 23:41:53', 11, 11);
insert into message (id, content, "date", channel_id, user_id) values (454, 'sit amet', '2020-08-20 19:58:52', 1, 1);
insert into message (id, content, "date", channel_id, user_id) values (455, 'orci eget orci vehicula condimentum curabitur in libero ut', '2022-01-20 01:37:47', 17, 27);
insert into message (id, content, "date", channel_id, user_id) values (456, 'rhoncus mauris enim leo rhoncus sed vestibulum sit amet cursus', '2022-05-01 05:49:52', 45, 12);
insert into message (id, content, "date", channel_id, user_id) values (457, 'mauris eget massa tempor convallis nulla neque libero convallis eget eleifend luctus ultricies eu', '2020-12-18 20:11:37', 40, 7);
insert into message (id, content, "date", channel_id, user_id) values (458, 'montes nascetur ridiculus mus etiam vel augue vestibulum rutrum rutrum neque', '2022-07-02 22:01:36', 56, 7);
insert into message (id, content, "date", channel_id, user_id) values (459, 'nam tristique tortor eu pede', '2021-10-14 17:52:17', 15, 26);
insert into message (id, content, "date", channel_id, user_id) values (460, 'consequat metus sapien ut nunc', '2021-01-16 10:27:07', 37, 28);
insert into message (id, content, "date", channel_id, user_id) values (461, 'dignissim vestibulum vestibulum ante ipsum primis in faucibus orci luctus et', '2022-12-07 19:16:26', 37, 24);
insert into message (id, content, "date", channel_id, user_id) values (462, 'phasellus in felis donec semper sapien a libero nam dui proin leo odio porttitor id consequat in', '2020-11-19 01:54:29', 10, 26);
insert into message (id, content, "date", channel_id, user_id) values (463, 'ridiculus mus vivamus vestibulum sagittis sapien cum sociis natoque penatibus et', '2022-08-01 12:11:58', 43, 30);
insert into message (id, content, "date", channel_id, user_id) values (464, 'nullam molestie nibh in lectus pellentesque at nulla suspendisse potenti cras in purus eu', '2022-01-09 02:24:17', 18, 16);
insert into message (id, content, "date", channel_id, user_id) values (465, 'velit vivamus vel nulla eget eros elementum pellentesque', '2020-04-16 21:06:17', 6, 13);
insert into message (id, content, "date", channel_id, user_id) values (466, 'ipsum dolor sit amet consectetuer adipiscing elit proin', '2022-10-01 10:08:37', 35, 15);
insert into message (id, content, "date", channel_id, user_id) values (467, 'consequat in consequat ut nulla sed accumsan felis ut at dolor quis odio consequat varius integer ac leo pellentesque ultrices mattis odio donec vitae', '2021-02-18 13:31:02', 3, 6);
insert into message (id, content, "date", channel_id, user_id) values (468, 'mi sit amet lobortis sapien sapien non mi integer ac neque duis bibendum morbi non quam nec dui luctus rutrum nulla tellus in sagittis dui', '2020-06-04 02:28:23', 6, 11);
insert into message (id, content, "date", channel_id, user_id) values (469, 'suscipit nulla elit ac nulla sed vel enim sit amet nunc viverra dapibus nulla suscipit', '2020-06-03 01:56:33', 10, 13);
insert into message (id, content, "date", channel_id, user_id) values (470, 'in quam fringilla rhoncus', '2020-05-02 16:53:44', 50, 20);
insert into message (id, content, "date", channel_id, user_id) values (471, 'ligula nec sem duis aliquam convallis nunc proin at turpis a pede posuere nonummy integer non velit donec diam neque vestibulum', '2021-02-27 14:03:17', 46, 5);
insert into message (id, content, "date", channel_id, user_id) values (472, 'platea dictumst etiam faucibus cursus urna', '2020-05-02 16:38:44', 47, 11);
insert into message (id, content, "date", channel_id, user_id) values (473, 'quisque erat eros viverra eget congue eget semper', '2020-10-22 04:33:35', 36, 17);
insert into message (id, content, "date", channel_id, user_id) values (474, 'fermentum justo nec condimentum neque sapien placerat ante nulla justo aliquam quis turpis eget elit sodales scelerisque', '2021-08-23 23:22:52', 46, 24);
insert into message (id, content, "date", channel_id, user_id) values (475, 'morbi non lectus aliquam sit amet diam in magna bibendum imperdiet nullam orci pede venenatis non sodales sed tincidunt eu felis fusce posuere felis', '2021-12-01 08:58:40', 24, 19);
insert into message (id, content, "date", channel_id, user_id) values (476, 'mauris sit amet eros suspendisse accumsan tortor quis turpis sed ante vivamus', '2023-01-19 21:28:53', 5, 6);
insert into message (id, content, "date", channel_id, user_id) values (477, 'maecenas leo odio condimentum id luctus nec molestie sed justo pellentesque viverra pede ac diam cras pellentesque volutpat dui', '2020-05-22 13:18:13', 6, 13);
insert into message (id, content, "date", channel_id, user_id) values (478, 'quam turpis adipiscing lorem vitae', '2021-02-20 18:50:21', 13, 15);
insert into message (id, content, "date", channel_id, user_id) values (479, 'id lobortis convallis tortor risus dapibus', '2022-06-07 20:26:07', 1, 25);
insert into message (id, content, "date", channel_id, user_id) values (480, 'eget rutrum at lorem', '2021-02-17 03:12:46', 37, 1);
insert into message (id, content, "date", channel_id, user_id) values (481, 'et magnis dis parturient montes nascetur ridiculus mus vivamus vestibulum sagittis sapien cum sociis', '2021-11-11 05:34:47', 56, 20);
insert into message (id, content, "date", channel_id, user_id) values (482, 'pellentesque viverra pede ac diam cras pellentesque volutpat dui maecenas tristique est et tempus semper est quam pharetra magna ac consequat', '2021-07-15 22:49:35', 38, 22);
insert into message (id, content, "date", channel_id, user_id) values (483, 'dui vel sem sed sagittis nam congue risus semper porta volutpat quam pede lobortis ligula sit amet eleifend pede libero', '2022-03-31 01:16:52', 27, 28);
insert into message (id, content, "date", channel_id, user_id) values (484, 'faucibus orci luctus et ultrices posuere cubilia curae duis faucibus accumsan odio curabitur convallis duis consequat dui nec nisi volutpat eleifend donec ut', '2021-10-13 06:05:16', 46, 1);
insert into message (id, content, "date", channel_id, user_id) values (485, 'pulvinar lobortis est phasellus sit amet erat nulla', '2022-07-02 23:22:23', 48, 15);
insert into message (id, content, "date", channel_id, user_id) values (486, 'quam sapien varius ut blandit non interdum in ante vestibulum ante ipsum', '2022-05-17 02:25:34', 1, 19);
insert into message (id, content, "date", channel_id, user_id) values (487, 'justo pellentesque viverra pede ac diam cras pellentesque volutpat dui maecenas tristique est et tempus semper est quam pharetra magna', '2023-03-18 15:34:35', 18, 13);
insert into message (id, content, "date", channel_id, user_id) values (488, 'quam suspendisse potenti nullam porttitor lacus at turpis donec posuere metus vitae ipsum aliquam non mauris morbi non lectus aliquam sit amet diam in', '2022-11-23 12:55:52', 45, 6);
insert into message (id, content, "date", channel_id, user_id) values (489, 'integer ac', '2022-08-09 19:14:52', 11, 4);
insert into message (id, content, "date", channel_id, user_id) values (490, 'eleifend donec ut dolor morbi vel lectus in', '2022-04-12 00:17:13', 13, 16);
insert into message (id, content, "date", channel_id, user_id) values (491, 'consequat ut nulla sed accumsan felis ut at dolor quis odio consequat varius integer', '2020-05-22 17:21:28', 20, 30);
insert into message (id, content, "date", channel_id, user_id) values (492, 'sem duis aliquam convallis nunc proin at turpis a pede', '2022-10-29 07:54:54', 34, 2);
insert into message (id, content, "date", channel_id, user_id) values (493, 'phasellus in felis donec semper sapien a libero nam dui proin leo odio', '2022-12-13 07:21:29', 34, 21);
insert into message (id, content, "date", channel_id, user_id) values (494, 'libero nullam sit amet turpis elementum ligula vehicula consequat morbi a ipsum integer', '2021-02-25 20:45:45', 18, 25);
insert into message (id, content, "date", channel_id, user_id) values (495, 'mattis odio donec vitae nisi nam ultrices libero non mattis pulvinar nulla pede ullamcorper augue', '2022-06-08 11:38:23', 58, 23);
insert into message (id, content, "date", channel_id, user_id) values (496, 'ipsum primis in faucibus orci luctus et ultrices posuere cubilia curae donec pharetra', '2022-08-09 16:19:45', 57, 17);
insert into message (id, content, "date", channel_id, user_id) values (497, 'sit amet eros suspendisse accumsan tortor quis turpis sed ante vivamus tortor duis mattis egestas metus aenean fermentum donec ut mauris eget massa tempor', '2020-06-03 09:02:17', 18, 30);
insert into message (id, content, "date", channel_id, user_id) values (498, 'felis eu sapien cursus vestibulum proin eu', '2021-08-10 14:44:00', 55, 15);
insert into message (id, content, "date", channel_id, user_id) values (499, 'luctus tincidunt nulla mollis molestie lorem quisque ut erat curabitur gravida nisi at nibh in hac habitasse platea dictumst aliquam augue quam sollicitudin vitae consectetuer', '2020-09-30 10:55:13', 21, 30);
insert into message (id, content, "date", channel_id, user_id) values (500, 'posuere cubilia curae donec pharetra magna vestibulum aliquet ultrices erat tortor sollicitudin mi sit amet', '2020-08-02 04:42:34', 38, 15);
insert into message (id, content, "date", channel_id, user_id) values (501, 'blandit lacinia erat vestibulum sed magna', '2023-01-29 19:17:02', 44, 22);
insert into message (id, content, "date", channel_id, user_id) values (502, 'mattis pulvinar nulla pede ullamcorper augue a suscipit nulla elit ac nulla sed vel enim sit amet nunc viverra dapibus nulla suscipit ligula in lacus', '2021-04-09 04:38:20', 43, 26);
insert into message (id, content, "date", channel_id, user_id) values (503, 'iaculis congue vivamus metus arcu adipiscing molestie hendrerit at vulputate vitae nisl aenean lectus pellentesque', '2020-06-17 15:09:20', 46, 23);
insert into message (id, content, "date", channel_id, user_id) values (504, 'sed tincidunt eu felis fusce posuere felis sed lacus morbi sem mauris laoreet ut rhoncus aliquet pulvinar', '2021-12-05 21:27:45', 38, 3);
insert into message (id, content, "date", channel_id, user_id) values (505, 'magna vestibulum aliquet ultrices erat tortor sollicitudin mi sit amet lobortis sapien sapien non mi integer ac neque', '2023-02-24 09:35:07', 32, 3);
insert into message (id, content, "date", channel_id, user_id) values (506, 'lectus in quam fringilla rhoncus mauris enim leo rhoncus sed vestibulum sit amet cursus id', '2021-03-11 19:15:52', 14, 30);
insert into message (id, content, "date", channel_id, user_id) values (507, 'quis augue luctus tincidunt nulla mollis molestie lorem quisque ut erat curabitur gravida', '2022-05-04 06:55:28', 14, 14);
insert into message (id, content, "date", channel_id, user_id) values (508, 'suspendisse potenti in eleifend quam a odio in hac habitasse platea', '2021-06-06 03:53:34', 53, 12);
insert into message (id, content, "date", channel_id, user_id) values (509, 'varius ut blandit non', '2022-02-24 16:24:10', 45, 11);
insert into message (id, content, "date", channel_id, user_id) values (510, 'at turpis a pede posuere nonummy integer non velit donec diam neque vestibulum eget vulputate', '2023-03-18 16:51:08', 44, 19);
insert into message (id, content, "date", channel_id, user_id) values (511, 'lectus in quam fringilla rhoncus mauris enim leo rhoncus sed vestibulum sit amet', '2022-05-20 03:53:00', 7, 29);
insert into message (id, content, "date", channel_id, user_id) values (512, 'erat id mauris vulputate elementum nullam varius nulla facilisi cras', '2021-12-12 13:08:25', 24, 20);
insert into message (id, content, "date", channel_id, user_id) values (513, 'sapien non mi integer ac neque', '2023-01-22 02:06:18', 6, 23);
insert into message (id, content, "date", channel_id, user_id) values (514, 'morbi non quam nec dui luctus', '2022-07-10 13:19:26', 22, 30);
insert into message (id, content, "date", channel_id, user_id) values (515, 'faucibus cursus urna', '2021-11-24 12:38:03', 43, 23);
insert into message (id, content, "date", channel_id, user_id) values (516, 'augue vel accumsan tellus nisi', '2022-06-17 02:51:57', 15, 14);
insert into message (id, content, "date", channel_id, user_id) values (517, 'at dolor quis odio consequat varius integer', '2020-06-11 03:48:21', 5, 5);
insert into message (id, content, "date", channel_id, user_id) values (518, 'nulla facilisi', '2022-02-16 04:40:54', 36, 19);
insert into message (id, content, "date", channel_id, user_id) values (519, 'eu sapien cursus vestibulum proin eu mi nulla ac enim in tempor turpis nec euismod scelerisque quam turpis adipiscing lorem', '2022-09-04 06:53:42', 26, 11);
insert into message (id, content, "date", channel_id, user_id) values (520, 'nisi nam ultrices libero', '2022-11-03 04:06:01', 39, 8);
insert into message (id, content, "date", channel_id, user_id) values (521, 'sit amet sapien dignissim vestibulum vestibulum ante', '2020-12-19 10:03:56', 35, 6);
insert into message (id, content, "date", channel_id, user_id) values (522, 'quis turpis eget elit sodales scelerisque mauris sit amet eros suspendisse accumsan tortor quis turpis sed ante vivamus tortor duis mattis', '2020-09-13 20:44:05', 23, 28);
insert into message (id, content, "date", channel_id, user_id) values (523, 'amet diam in magna bibendum imperdiet nullam orci pede venenatis', '2022-10-13 16:19:10', 27, 22);
insert into message (id, content, "date", channel_id, user_id) values (524, 'augue quam sollicitudin vitae consectetuer eget rutrum at lorem integer tincidunt ante vel ipsum praesent blandit lacinia erat vestibulum sed magna', '2020-06-30 16:46:20', 24, 12);
insert into message (id, content, "date", channel_id, user_id) values (525, 'nisl duis ac nibh fusce lacus purus aliquet at feugiat non pretium quis lectus suspendisse potenti in eleifend quam a odio in hac habitasse platea', '2021-05-04 18:20:13', 2, 5);
insert into message (id, content, "date", channel_id, user_id) values (526, 'in congue etiam justo etiam pretium iaculis justo in hac habitasse platea dictumst etiam', '2021-02-19 19:12:12', 11, 28);
insert into message (id, content, "date", channel_id, user_id) values (527, 'in quis justo maecenas rhoncus aliquam lacus', '2021-10-16 01:33:12', 10, 29);
insert into message (id, content, "date", channel_id, user_id) values (528, 'congue elementum in hac habitasse platea dictumst morbi vestibulum velit id pretium iaculis diam erat fermentum justo nec condimentum neque', '2021-06-20 20:46:24', 16, 2);
insert into message (id, content, "date", channel_id, user_id) values (529, 'nibh fusce lacus purus aliquet at feugiat non pretium quis lectus suspendisse potenti in', '2022-02-26 05:02:07', 54, 23);
insert into message (id, content, "date", channel_id, user_id) values (530, 'nibh in lectus pellentesque at', '2021-10-19 05:03:06', 5, 12);
insert into message (id, content, "date", channel_id, user_id) values (531, 'cursus vestibulum proin eu mi nulla ac enim in tempor', '2021-02-12 17:55:33', 3, 5);
insert into message (id, content, "date", channel_id, user_id) values (532, 'sed nisl nunc rhoncus dui vel sem sed sagittis nam congue risus semper porta volutpat quam pede', '2022-09-11 05:09:39', 27, 25);
insert into message (id, content, "date", channel_id, user_id) values (533, 'nulla ut erat', '2021-03-04 01:10:18', 17, 4);
insert into message (id, content, "date", channel_id, user_id) values (534, 'cras mi pede malesuada in imperdiet et commodo vulputate justo in blandit ultrices enim lorem ipsum dolor sit amet consectetuer adipiscing elit proin', '2022-05-13 12:47:00', 13, 6);
insert into message (id, content, "date", channel_id, user_id) values (535, 'non lectus aliquam sit amet diam in magna bibendum imperdiet nullam orci pede venenatis non sodales sed tincidunt eu felis', '2021-07-13 05:37:35', 13, 13);
insert into message (id, content, "date", channel_id, user_id) values (536, 'elit sodales scelerisque mauris sit amet eros suspendisse accumsan tortor quis turpis sed ante vivamus tortor duis mattis egestas metus aenean fermentum donec', '2021-12-04 04:16:19', 46, 7);
insert into message (id, content, "date", channel_id, user_id) values (537, 'faucibus orci luctus et ultrices posuere cubilia curae duis faucibus accumsan odio curabitur', '2020-08-31 05:37:30', 7, 3);
insert into message (id, content, "date", channel_id, user_id) values (538, 'consequat dui nec nisi volutpat eleifend donec ut', '2022-04-26 02:37:23', 3, 27);
insert into message (id, content, "date", channel_id, user_id) values (539, 'elit proin interdum mauris non ligula pellentesque ultrices phasellus id sapien in sapien iaculis congue vivamus metus arcu adipiscing molestie hendrerit at', '2022-09-19 23:09:58', 7, 14);
insert into message (id, content, "date", channel_id, user_id) values (540, 'magna vestibulum aliquet ultrices erat tortor sollicitudin mi sit amet lobortis', '2021-01-11 11:11:14', 25, 16);
insert into message (id, content, "date", channel_id, user_id) values (541, 'rutrum neque aenean auctor gravida sem', '2020-04-07 21:45:36', 53, 14);
insert into message (id, content, "date", channel_id, user_id) values (542, 'pulvinar lobortis est phasellus sit', '2022-07-16 02:45:04', 2, 5);
insert into message (id, content, "date", channel_id, user_id) values (543, 'vulputate nonummy maecenas tincidunt lacus at velit vivamus vel nulla', '2022-02-10 19:15:58', 41, 1);
insert into message (id, content, "date", channel_id, user_id) values (544, 'fermentum donec ut mauris eget massa tempor convallis nulla neque libero convallis eget eleifend luctus', '2021-03-31 22:34:06', 7, 11);
insert into message (id, content, "date", channel_id, user_id) values (545, 'consequat varius integer ac leo pellentesque ultrices mattis odio donec vitae nisi nam', '2022-07-22 12:22:14', 3, 11);
insert into message (id, content, "date", channel_id, user_id) values (546, 'purus aliquet at feugiat non pretium quis lectus suspendisse potenti in eleifend quam a', '2022-07-23 20:58:32', 47, 19);
insert into message (id, content, "date", channel_id, user_id) values (547, 'venenatis lacinia aenean sit amet justo morbi ut odio cras mi pede malesuada in imperdiet et commodo vulputate justo in blandit ultrices enim lorem ipsum', '2020-09-14 10:57:00', 58, 15);
insert into message (id, content, "date", channel_id, user_id) values (548, 'nulla sed vel enim sit amet nunc viverra dapibus nulla suscipit ligula in lacus curabitur at ipsum ac tellus semper', '2021-01-22 16:53:21', 42, 8);
insert into message (id, content, "date", channel_id, user_id) values (549, 'vestibulum proin eu mi nulla ac enim in tempor turpis nec euismod scelerisque quam turpis adipiscing lorem vitae mattis nibh ligula', '2022-02-03 22:46:57', 24, 29);
insert into message (id, content, "date", channel_id, user_id) values (550, 'in libero ut massa volutpat convallis morbi odio odio elementum eu interdum eu tincidunt in', '2021-09-30 08:08:55', 20, 30);
insert into message (id, content, "date", channel_id, user_id) values (551, 'ante vel ipsum praesent blandit lacinia erat vestibulum sed magna at nunc commodo placerat praesent blandit nam nulla', '2022-09-26 01:30:15', 20, 30);
insert into message (id, content, "date", channel_id, user_id) values (552, 'interdum', '2021-12-28 01:49:01', 49, 20);
insert into message (id, content, "date", channel_id, user_id) values (553, 'luctus et ultrices posuere cubilia curae duis faucibus accumsan odio curabitur convallis duis consequat dui nec nisi volutpat eleifend donec ut dolor morbi', '2020-10-08 15:11:06', 49, 26);
insert into message (id, content, "date", channel_id, user_id) values (554, 'rhoncus sed vestibulum sit amet cursus id turpis integer aliquet massa id lobortis convallis tortor risus dapibus augue vel accumsan tellus nisi eu', '2020-08-05 20:36:36', 57, 1);
insert into message (id, content, "date", channel_id, user_id) values (555, 'a feugiat', '2021-04-09 13:44:14', 43, 7);
insert into message (id, content, "date", channel_id, user_id) values (556, 'nunc proin at turpis a pede posuere nonummy integer non velit donec diam neque vestibulum eget vulputate ut ultrices', '2021-10-09 06:21:06', 12, 3);
insert into message (id, content, "date", channel_id, user_id) values (557, 'vitae quam suspendisse potenti nullam porttitor lacus at turpis donec posuere metus vitae', '2022-11-05 23:10:26', 15, 5);
insert into message (id, content, "date", channel_id, user_id) values (558, 'dapibus nulla suscipit ligula in lacus curabitur at ipsum ac tellus semper interdum mauris ullamcorper purus sit amet nulla quisque arcu', '2020-09-25 03:22:30', 13, 13);
insert into message (id, content, "date", channel_id, user_id) values (559, 'a', '2021-11-21 17:33:12', 48, 2);
insert into message (id, content, "date", channel_id, user_id) values (560, 'amet nunc viverra dapibus nulla suscipit', '2020-04-17 21:42:41', 11, 20);
insert into message (id, content, "date", channel_id, user_id) values (561, 'nulla neque libero convallis eget eleifend luctus ultricies eu nibh quisque id justo sit amet sapien dignissim vestibulum', '2022-07-12 17:54:47', 32, 9);
insert into message (id, content, "date", channel_id, user_id) values (562, 'tincidunt lacus at velit', '2022-09-20 00:40:07', 14, 16);
insert into message (id, content, "date", channel_id, user_id) values (563, 'tincidunt ante vel ipsum praesent blandit lacinia erat vestibulum sed magna at nunc commodo placerat praesent blandit nam nulla integer pede justo lacinia eget tincidunt', '2022-07-06 20:05:11', 7, 18);
insert into message (id, content, "date", channel_id, user_id) values (564, 'fusce consequat nulla nisl nunc nisl duis bibendum felis sed interdum venenatis turpis enim blandit mi', '2022-05-20 00:46:47', 60, 19);
insert into message (id, content, "date", channel_id, user_id) values (565, 'pulvinar lobortis est phasellus sit amet erat nulla tempus vivamus in felis eu sapien cursus vestibulum proin eu mi nulla', '2020-08-11 16:57:26', 4, 16);
insert into message (id, content, "date", channel_id, user_id) values (566, 'dolor quis odio consequat varius integer ac leo pellentesque ultrices mattis odio donec vitae nisi nam ultrices', '2022-03-20 15:22:48', 5, 14);
insert into message (id, content, "date", channel_id, user_id) values (567, 'dolor quis', '2023-01-27 09:46:47', 4, 7);
insert into message (id, content, "date", channel_id, user_id) values (568, 'pede malesuada in imperdiet et commodo vulputate justo in blandit ultrices enim lorem ipsum dolor sit amet consectetuer adipiscing elit proin', '2021-05-29 16:07:27', 25, 7);
insert into message (id, content, "date", channel_id, user_id) values (569, 'et magnis dis parturient montes nascetur', '2022-10-22 05:57:46', 59, 4);
insert into message (id, content, "date", channel_id, user_id) values (570, 'quis justo maecenas rhoncus aliquam lacus morbi quis tortor id nulla ultrices aliquet maecenas leo odio condimentum id luctus nec molestie sed', '2021-03-15 14:06:20', 14, 5);
insert into message (id, content, "date", channel_id, user_id) values (571, 'sociis natoque penatibus et magnis dis parturient montes nascetur ridiculus mus etiam vel augue vestibulum rutrum rutrum neque aenean auctor gravida sem praesent id', '2020-11-12 09:50:52', 47, 28);
insert into message (id, content, "date", channel_id, user_id) values (572, 'imperdiet sapien urna pretium nisl ut volutpat sapien arcu sed augue aliquam', '2021-03-26 22:03:03', 60, 21);
insert into message (id, content, "date", channel_id, user_id) values (573, 'sociis natoque penatibus et', '2020-04-05 07:24:23', 30, 21);
insert into message (id, content, "date", channel_id, user_id) values (574, 'sed lacus morbi sem mauris', '2023-02-12 02:56:52', 37, 15);
insert into message (id, content, "date", channel_id, user_id) values (575, 'sit amet nunc viverra dapibus nulla suscipit ligula in lacus curabitur at ipsum ac tellus semper interdum mauris ullamcorper', '2022-03-16 03:30:30', 43, 10);
insert into message (id, content, "date", channel_id, user_id) values (576, 'metus aenean fermentum donec ut mauris eget massa tempor convallis nulla neque libero convallis eget eleifend luctus ultricies eu', '2021-08-04 13:19:41', 39, 1);
insert into message (id, content, "date", channel_id, user_id) values (577, 'duis mattis egestas metus aenean', '2020-06-28 19:43:24', 51, 2);
insert into message (id, content, "date", channel_id, user_id) values (578, 'ut suscipit a feugiat et eros vestibulum ac est lacinia nisi venenatis tristique fusce congue diam id ornare imperdiet sapien urna pretium nisl ut volutpat', '2020-10-02 10:48:38', 34, 25);
insert into message (id, content, "date", channel_id, user_id) values (579, 'ullamcorper augue a suscipit nulla elit ac nulla sed vel enim', '2022-02-16 09:44:59', 32, 15);
insert into message (id, content, "date", channel_id, user_id) values (580, 'libero non mattis pulvinar nulla pede ullamcorper augue a suscipit', '2021-08-24 22:42:25', 42, 26);
insert into message (id, content, "date", channel_id, user_id) values (581, 'velit donec diam neque vestibulum eget vulputate ut ultrices vel augue vestibulum ante ipsum primis in faucibus', '2020-11-09 01:40:21', 3, 22);
insert into message (id, content, "date", channel_id, user_id) values (582, 'vivamus vestibulum sagittis sapien cum sociis natoque penatibus et magnis dis parturient montes nascetur ridiculus mus', '2022-02-08 03:00:38', 40, 3);
insert into message (id, content, "date", channel_id, user_id) values (583, 'sapien dignissim vestibulum vestibulum ante ipsum primis in faucibus orci luctus et ultrices posuere cubilia curae nulla dapibus dolor vel est donec', '2023-01-08 14:01:08', 19, 27);
insert into message (id, content, "date", channel_id, user_id) values (584, 'mauris eget massa tempor convallis nulla neque libero', '2022-06-02 18:09:46', 27, 21);
insert into message (id, content, "date", channel_id, user_id) values (585, 'vitae consectetuer eget rutrum at lorem integer tincidunt ante vel ipsum praesent blandit lacinia erat vestibulum sed magna at nunc', '2022-12-17 09:36:39', 43, 2);
insert into message (id, content, "date", channel_id, user_id) values (586, 'volutpat convallis morbi odio odio elementum eu interdum eu tincidunt in leo', '2020-07-29 02:54:49', 47, 19);
insert into message (id, content, "date", channel_id, user_id) values (587, 'et magnis dis parturient montes nascetur ridiculus mus vivamus vestibulum sagittis sapien cum sociis natoque penatibus et magnis dis parturient', '2021-04-19 18:05:02', 37, 3);
insert into message (id, content, "date", channel_id, user_id) values (588, 'dolor sit amet consectetuer adipiscing elit proin risus praesent lectus vestibulum quam sapien varius', '2021-04-16 00:25:43', 8, 19);
insert into message (id, content, "date", channel_id, user_id) values (589, 'a pede posuere nonummy integer', '2022-09-05 16:11:19', 19, 30);
insert into message (id, content, "date", channel_id, user_id) values (590, 'ullamcorper purus sit amet nulla quisque arcu libero rutrum ac lobortis vel dapibus at diam nam tristique', '2021-12-28 03:00:10', 20, 18);
insert into message (id, content, "date", channel_id, user_id) values (591, 'pulvinar lobortis est', '2020-10-31 04:19:03', 28, 2);
insert into message (id, content, "date", channel_id, user_id) values (592, 'ante ipsum primis in faucibus orci luctus et ultrices posuere', '2022-10-27 06:29:32', 54, 16);
insert into message (id, content, "date", channel_id, user_id) values (593, 'blandit mi in porttitor pede justo eu massa donec dapibus duis at velit eu est congue elementum in hac habitasse platea dictumst morbi', '2021-02-26 19:18:42', 39, 29);
insert into message (id, content, "date", channel_id, user_id) values (594, 'nisi nam ultrices libero non mattis pulvinar nulla pede ullamcorper augue a', '2020-03-28 15:28:39', 28, 28);
insert into message (id, content, "date", channel_id, user_id) values (595, 'duis mattis egestas metus aenean fermentum donec ut mauris eget massa tempor convallis nulla neque libero', '2022-02-04 07:45:56', 15, 3);
insert into message (id, content, "date", channel_id, user_id) values (596, 'orci vehicula condimentum curabitur in', '2022-06-20 19:26:43', 25, 26);
insert into message (id, content, "date", channel_id, user_id) values (597, 'integer a nibh in quis justo maecenas rhoncus aliquam lacus morbi quis tortor id', '2020-10-01 18:26:59', 16, 10);
insert into message (id, content, "date", channel_id, user_id) values (598, 'justo pellentesque viverra pede ac diam cras pellentesque', '2021-06-02 17:43:33', 9, 30);
insert into message (id, content, "date", channel_id, user_id) values (599, 'integer ac neque duis bibendum morbi non quam nec dui luctus rutrum nulla tellus in sagittis dui vel nisl duis ac', '2021-02-17 20:29:05', 34, 22);
insert into message (id, content, "date", channel_id, user_id) values (600, 'rutrum nulla tellus in', '2022-05-21 21:04:14', 29, 30);

insert into "event" (id, title, start_date, end_date) values (1, 'dapibus nulla suscipit ligula', '2020-10-13 07:29:26', '2020-10-13 09:13:26');
insert into "event" (id, title, start_date, end_date) values (2, 'elementum in hac habitasse', '2021-01-18 22:21:48', '2021-01-19 02:07:48');
insert into "event" (id, title, start_date, end_date) values (3, 'diam', '2023-02-12 01:59:08', '2023-02-12 05:52:08');
insert into "event" (id, title, start_date, end_date) values (4, 'donec', '2022-04-28 22:05:58', '2022-04-28 23:37:58');
insert into "event" (id, title, start_date, end_date) values (5, 'quam nec dui luctus', '2021-09-13 23:33:12', '2021-09-14 02:13:12');
insert into "event" (id, title, start_date, end_date) values (6, 'leo', '2022-07-30 19:42:27', '2022-07-30 23:54:27');
insert into "event" (id, title, start_date, end_date) values (7, 'et eros vestibulum', '2020-07-05 17:42:57', '2020-07-05 19:41:57');
insert into "event" (id, title, start_date, end_date) values (8, 'amet consectetuer', '2022-05-28 03:02:52', '2022-05-28 04:38:52');
insert into "event" (id, title, start_date, end_date) values (9, 'quam', '2021-01-17 20:56:06', '2021-01-17 23:18:06');
insert into "event" (id, title, start_date, end_date) values (10, 'condimentum curabitur in libero', '2022-03-23 09:09:12', '2022-03-23 13:09:12');
insert into "event" (id, title, start_date, end_date) values (11, 'platea dictumst etiam faucibus', '2021-03-23 00:12:23', '2021-03-23 04:26:23');
insert into "event" (id, title, start_date, end_date) values (12, 'venenatis turpis enim blandit', '2022-02-19 19:25:33', '2022-02-19 23:52:33');
insert into "event" (id, title, start_date, end_date) values (13, 'felis fusce posuere', '2021-10-28 23:50:18', '2021-10-29 04:07:18');
insert into "event" (id, title, start_date, end_date) values (14, 'ante vel ipsum praesent', '2022-11-14 21:22:22', '2022-11-14 23:37:22');
insert into "event" (id, title, start_date, end_date) values (15, 'luctus et ultrices', '2022-05-17 13:23:20', '2022-05-17 16:14:20');
insert into "event" (id, title, start_date, end_date) values (16, 'magna', '2020-10-02 21:55:12', '2020-10-03 00:29:12');
insert into "event" (id, title, start_date, end_date) values (17, 'integer aliquet massa id', '2022-12-12 10:07:11', '2022-12-12 15:01:11');
insert into "event" (id, title, start_date, end_date) values (18, 'sit amet', '2022-03-13 21:21:05', '2022-03-14 01:56:05');
insert into "event" (id, title, start_date, end_date) values (19, 'nisi volutpat eleifend', '2021-01-21 03:18:59', '2021-01-21 08:01:59');
insert into "event" (id, title, start_date, end_date) values (20, 'vel', '2020-04-04 18:58:53', '2020-04-04 22:31:53');
insert into "event" (id, title, start_date, end_date) values (21, 'metus', '2022-05-15 03:32:19', '2022-05-15 07:01:19');
insert into "event" (id, title, start_date, end_date) values (22, 'vitae', '2020-10-22 08:12:23', '2020-10-22 12:39:23');
insert into "event" (id, title, start_date, end_date) values (23, 'in congue etiam', '2020-05-05 03:18:32', '2020-05-05 05:15:32');
insert into "event" (id, title, start_date, end_date) values (24, 'pellentesque eget nunc donec', '2021-10-08 04:27:02', '2021-10-08 09:01:02');
insert into "event" (id, title, start_date, end_date) values (25, 'elementum ligula vehicula consequat', '2022-05-31 11:50:10', '2022-05-31 13:53:10');
insert into "event" (id, title, start_date, end_date) values (26, 'magna', '2022-10-05 08:45:29', '2022-10-05 12:42:29');
insert into "event" (id, title, start_date, end_date) values (27, 'magnis dis', '2021-01-02 17:18:56', '2021-01-02 21:21:56');
insert into "event" (id, title, start_date, end_date) values (28, 'semper porta', '2023-03-20 22:01:27', '2023-03-20 23:35:27');
insert into "event" (id, title, start_date, end_date) values (29, 'imperdiet', '2023-03-08 22:32:46', '2023-03-09 00:12:46');
insert into "event" (id, title, start_date, end_date) values (30, 'hac habitasse', '2020-10-29 17:15:20', '2020-10-29 19:56:20');
insert into "event" (id, title, start_date, end_date) values (31, 'nascetur ridiculus', '2022-08-07 10:59:59', '2022-08-07 12:55:59');
insert into "event" (id, title, start_date, end_date) values (32, 'iaculis diam erat fermentum', '2021-02-21 10:12:36', '2021-02-21 13:26:36');
insert into "event" (id, title, start_date, end_date) values (33, 'morbi non', '2021-12-11 21:28:26', '2021-12-12 02:11:26');
insert into "event" (id, title, start_date, end_date) values (34, 'amet sem fusce consequat', '2021-09-17 01:08:13', '2021-09-17 02:34:13');
insert into "event" (id, title, start_date, end_date) values (35, 'pulvinar lobortis est phasellus', '2020-11-05 19:20:52', '2020-11-05 21:28:52');
insert into "event" (id, title, start_date, end_date) values (36, 'dapibus dolor', '2023-02-02 11:56:21', '2023-02-02 16:51:21');
insert into "event" (id, title, start_date, end_date) values (37, 'augue quam sollicitudin', '2021-06-10 05:03:06', '2021-06-10 09:09:06');
insert into "event" (id, title, start_date, end_date) values (38, 'ipsum primis', '2022-01-03 08:46:13', '2022-01-03 12:25:13');
insert into "event" (id, title, start_date, end_date) values (39, 'felis eu', '2020-10-30 11:49:25', '2020-10-30 15:46:25');
insert into "event" (id, title, start_date, end_date) values (40, 'turpis integer aliquet massa', '2021-06-02 01:03:41', '2021-06-02 05:26:41');
insert into "event" (id, title, start_date, end_date) values (41, 'nulla', '2021-03-08 04:53:23', '2021-03-08 06:46:23');
insert into "event" (id, title, start_date, end_date) values (42, 'velit', '2021-04-23 14:58:59', '2021-04-23 17:41:59');
insert into "event" (id, title, start_date, end_date) values (43, 'vel enim', '2022-11-25 06:44:47', '2022-11-25 11:24:47');
insert into "event" (id, title, start_date, end_date) values (44, 'enim in tempor', '2023-02-27 00:14:01', '2023-02-27 01:23:01');
insert into "event" (id, title, start_date, end_date) values (45, 'turpis', '2022-01-15 13:31:45', '2022-01-15 16:03:45');
insert into "event" (id, title, start_date, end_date) values (46, 'nulla suscipit ligula in', '2022-01-07 16:11:46', '2022-01-07 19:48:46');
insert into "event" (id, title, start_date, end_date) values (47, 'enim in tempor turpis', '2023-03-12 17:05:38', '2023-03-12 18:28:38');
insert into "event" (id, title, start_date, end_date) values (48, 'ut', '2021-06-25 15:50:18', '2021-06-25 19:35:18');
insert into "event" (id, title, start_date, end_date) values (49, 'eget semper', '2022-04-30 09:50:05', '2022-04-30 13:09:05');
insert into "event" (id, title, start_date, end_date) values (50, 'ornare consequat', '2021-03-28 16:55:39', '2021-03-28 21:03:39');
insert into "event" (id, title, start_date, end_date) values (51, 'integer', '2021-06-29 22:40:51', '2021-06-30 01:12:51');
insert into "event" (id, title, start_date, end_date) values (52, 'nullam varius nulla facilisi', '2021-04-23 03:18:11', '2021-04-23 06:14:11');
insert into "event" (id, title, start_date, end_date) values (53, 'in hac', '2022-09-03 12:18:12', '2022-09-03 15:46:12');
insert into "event" (id, title, start_date, end_date) values (54, 'dolor sit', '2023-03-09 12:21:10', '2023-03-09 14:24:10');
insert into "event" (id, title, start_date, end_date) values (55, 'nunc vestibulum', '2022-09-22 22:29:20', '2022-09-22 23:30:20');
insert into "event" (id, title, start_date, end_date) values (56, 'nec euismod scelerisque quam', '2022-03-26 17:17:57', '2022-03-26 19:43:57');
insert into "event" (id, title, start_date, end_date) values (57, 'maecenas tincidunt lacus', '2021-06-11 03:14:27', '2021-06-11 07:59:27');
insert into "event" (id, title, start_date, end_date) values (58, 'vivamus vel', '2020-10-30 01:37:44', '2020-10-30 05:52:44');
insert into "event" (id, title, start_date, end_date) values (59, 'justo', '2022-09-16 21:54:45', '2022-09-17 02:36:45');
insert into "event" (id, title, start_date, end_date) values (60, 'nulla facilisi', '2021-08-19 14:55:23', '2021-08-19 16:47:23');
insert into "event" (id, title, start_date, end_date) values (61, 'turpis nec euismod', '2020-11-06 02:17:17', '2020-11-06 03:52:17');
insert into "event" (id, title, start_date, end_date) values (62, 'ligula in lacus curabitur', '2021-07-07 22:12:46', '2021-07-07 23:37:46');
insert into "event" (id, title, start_date, end_date) values (63, 'primis in faucibus orci', '2022-12-20 22:59:23', '2022-12-21 03:53:23');
insert into "event" (id, title, start_date, end_date) values (64, 'morbi', '2022-02-08 09:19:04', '2022-02-08 11:15:04');
insert into "event" (id, title, start_date, end_date) values (65, 'interdum mauris non ligula', '2022-12-08 13:17:45', '2022-12-08 17:57:45');
insert into "event" (id, title, start_date, end_date) values (66, 'quis justo maecenas rhoncus', '2022-02-13 18:32:15', '2022-02-13 20:28:15');
insert into "event" (id, title, start_date, end_date) values (67, 'odio consequat varius', '2021-09-30 22:10:19', '2021-10-01 01:49:19');
insert into "event" (id, title, start_date, end_date) values (68, 'velit id pretium', '2021-07-16 11:51:35', '2021-07-16 14:29:35');
insert into "event" (id, title, start_date, end_date) values (69, 'morbi', '2023-03-16 03:33:52', '2023-03-16 07:14:52');
insert into "event" (id, title, start_date, end_date) values (70, 'nibh in', '2020-05-06 07:56:55', '2020-05-06 09:28:55');
insert into "event" (id, title, start_date, end_date) values (71, 'nibh', '2020-10-29 21:51:17', '2020-10-30 00:27:17');
insert into "event" (id, title, start_date, end_date) values (72, 'eget', '2020-08-27 01:33:57', '2020-08-27 06:27:57');
insert into "event" (id, title, start_date, end_date) values (73, 'justo pellentesque', '2022-11-19 23:35:51', '2022-11-20 02:35:51');
insert into "event" (id, title, start_date, end_date) values (74, 'facilisi', '2021-03-16 08:12:38', '2021-03-16 11:09:38');
insert into "event" (id, title, start_date, end_date) values (75, 'justo in blandit ultrices', '2021-12-07 11:08:19', '2021-12-07 14:00:19');
insert into "event" (id, title, start_date, end_date) values (76, 'potenti', '2020-05-06 00:40:27', '2020-05-06 02:09:27');
insert into "event" (id, title, start_date, end_date) values (77, 'nulla ac enim in', '2021-10-01 15:09:01', '2021-10-01 19:50:01');
insert into "event" (id, title, start_date, end_date) values (78, 'natoque penatibus et magnis', '2022-11-10 18:10:12', '2022-11-10 20:08:12');
insert into "event" (id, title, start_date, end_date) values (79, 'diam in magna', '2021-08-09 07:13:55', '2021-08-09 11:17:55');
insert into "event" (id, title, start_date, end_date) values (80, 'tortor', '2020-06-07 17:54:56', '2020-06-07 21:51:56');

insert into event_meeting (event_id, project_id) values (1, 17);
insert into event_meeting (event_id, project_id) values (2, 40);
insert into event_meeting (event_id, project_id) values (3, 21);
insert into event_meeting (event_id, project_id) values (4, 41);
insert into event_meeting (event_id, project_id) values (5, 37);
insert into event_meeting (event_id, project_id) values (6, 45);
insert into event_meeting (event_id, project_id) values (7, 28);
insert into event_meeting (event_id, project_id) values (8, 40);
insert into event_meeting (event_id, project_id) values (9, 30);
insert into event_meeting (event_id, project_id) values (10, 6);
insert into event_meeting (event_id, project_id) values (11, 40);
insert into event_meeting (event_id, project_id) values (12, 27);
insert into event_meeting (event_id, project_id) values (13, 41);
insert into event_meeting (event_id, project_id) values (14, 6);
insert into event_meeting (event_id, project_id) values (15, 35);
insert into event_meeting (event_id, project_id) values (16, 9);
insert into event_meeting (event_id, project_id) values (17, 2);
insert into event_meeting (event_id, project_id) values (18, 15);
insert into event_meeting (event_id, project_id) values (19, 28);
insert into event_meeting (event_id, project_id) values (20, 44);
insert into event_meeting (event_id, project_id) values (21, 26);
insert into event_meeting (event_id, project_id) values (22, 27);
insert into event_meeting (event_id, project_id) values (23, 30);
insert into event_meeting (event_id, project_id) values (24, 41);
insert into event_meeting (event_id, project_id) values (25, 46);
insert into event_meeting (event_id, project_id) values (26, 30);
insert into event_meeting (event_id, project_id) values (27, 23);
insert into event_meeting (event_id, project_id) values (28, 34);
insert into event_meeting (event_id, project_id) values (29, 11);
insert into event_meeting (event_id, project_id) values (30, 29);
insert into event_meeting (event_id, project_id) values (31, 14);
insert into event_meeting (event_id, project_id) values (32, 25);
insert into event_meeting (event_id, project_id) values (33, 20);
insert into event_meeting (event_id, project_id) values (34, 18);
insert into event_meeting (event_id, project_id) values (35, 28);
insert into event_meeting (event_id, project_id) values (36, 46);
insert into event_meeting (event_id, project_id) values (37, 4);
insert into event_meeting (event_id, project_id) values (38, 47);
insert into event_meeting (event_id, project_id) values (39, 25);
insert into event_meeting (event_id, project_id) values (40, 35);

insert into event_personal (event_id, user_id) values (41, 16);
insert into event_personal (event_id, user_id) values (42, 29);
insert into event_personal (event_id, user_id) values (43, 22);
insert into event_personal (event_id, user_id) values (44, 2);
insert into event_personal (event_id, user_id) values (45, 26);
insert into event_personal (event_id, user_id) values (46, 28);
insert into event_personal (event_id, user_id) values (47, 13);
insert into event_personal (event_id, user_id) values (48, 22);
insert into event_personal (event_id, user_id) values (49, 14);
insert into event_personal (event_id, user_id) values (50, 29);
insert into event_personal (event_id, user_id) values (51, 12);
insert into event_personal (event_id, user_id) values (52, 12);
insert into event_personal (event_id, user_id) values (53, 21);
insert into event_personal (event_id, user_id) values (54, 17);
insert into event_personal (event_id, user_id) values (55, 23);
insert into event_personal (event_id, user_id) values (56, 13);
insert into event_personal (event_id, user_id) values (57, 28);
insert into event_personal (event_id, user_id) values (58, 18);
insert into event_personal (event_id, user_id) values (59, 1);
insert into event_personal (event_id, user_id) values (60, 16);
insert into event_personal (event_id, user_id) values (61, 17);
insert into event_personal (event_id, user_id) values (62, 30);
insert into event_personal (event_id, user_id) values (63, 16);
insert into event_personal (event_id, user_id) values (64, 23);
insert into event_personal (event_id, user_id) values (65, 29);
insert into event_personal (event_id, user_id) values (66, 21);
insert into event_personal (event_id, user_id) values (67, 17);
insert into event_personal (event_id, user_id) values (68, 9);
insert into event_personal (event_id, user_id) values (69, 13);
insert into event_personal (event_id, user_id) values (70, 27);
insert into event_personal (event_id, user_id) values (71, 27);
insert into event_personal (event_id, user_id) values (72, 27);
insert into event_personal (event_id, user_id) values (73, 21);
insert into event_personal (event_id, user_id) values (74, 19);
insert into event_personal (event_id, user_id) values (75, 1);
insert into event_personal (event_id, user_id) values (76, 27);
insert into event_personal (event_id, user_id) values (77, 25);
insert into event_personal (event_id, user_id) values (78, 25);
insert into event_personal (event_id, user_id) values (79, 26);
insert into event_personal (event_id, user_id) values (80, 18);

insert into notification (id, "date", description, receiver_id, sender_id) values (1, '2021-06-03 07:30:55', 'sit amet eros suspendisse accumsan tortor quis turpis sed ante', 22, 15);
insert into notification (id, "date", description, receiver_id, sender_id) values (2, '2021-07-19 12:12:39', 'nec nisi volutpat eleifend donec ut dolor morbi vel', 16, 27);
insert into notification (id, "date", description, receiver_id, sender_id) values (3, '2022-03-01 05:54:01', 'tortor duis mattis egestas metus aenean fermentum donec ut mauris', 29, 2);
insert into notification (id, "date", description, receiver_id, sender_id) values (4, '2022-08-08 07:34:08', 'erat vestibulum sed magna at nunc commodo placerat', 28, 29);
insert into notification (id, "date", description, receiver_id, sender_id) values (5, '2021-03-29 06:27:16', 'cum sociis natoque penatibus et magnis dis', 20, 6);
insert into notification (id, "date", description, receiver_id, sender_id) values (6, '2020-06-25 19:27:09', 'integer non velit donec diam neque vestibulum eget', 14, 10);
insert into notification (id, "date", description, receiver_id, sender_id) values (7, '2021-09-12 11:04:17', 'aliquam sit amet diam in magna bibendum imperdiet nullam orci', 1, 9);
insert into notification (id, "date", description, receiver_id, sender_id) values (8, '2022-02-25 22:43:31', 'cras mi pede malesuada in imperdiet et commodo', 8, 16);
insert into notification (id, "date", description, receiver_id, sender_id) values (9, '2021-10-13 14:54:58', 'in tempus sit amet sem fusce consequat nulla nisl nunc', 27, 4);
insert into notification (id, "date", description, receiver_id, sender_id) values (10, '2021-02-18 12:56:27', 'posuere cubilia curae duis faucibus accumsan odio', 2, 18);
insert into notification (id, "date", description, receiver_id, sender_id) values (11, '2023-01-08 11:51:47', 'vulputate justo in blandit ultrices enim lorem ipsum dolor', 2, 1);
insert into notification (id, "date", description, receiver_id, sender_id) values (12, '2022-02-20 09:43:37', 'sagittis sapien cum sociis natoque penatibus et', 23, 21);
insert into notification (id, "date", description, receiver_id, sender_id) values (13, '2023-03-10 10:55:33', 'mi integer ac neque duis bibendum morbi non quam', 2, 29);
insert into notification (id, "date", description, receiver_id, sender_id) values (14, '2022-08-21 23:37:47', 'commodo vulputate justo in blandit ultrices enim lorem', 21, 12);
insert into notification (id, "date", description, receiver_id, sender_id) values (15, '2021-06-29 13:41:34', 'nec condimentum neque sapien placerat ante', 20, 7);
insert into notification (id, "date", description, receiver_id, sender_id) values (16, '2020-09-12 00:33:25', 'eget orci vehicula condimentum curabitur in libero', 24, 21);
insert into notification (id, "date", description, receiver_id, sender_id) values (17, '2021-08-07 05:27:17', 'justo nec condimentum neque sapien placerat ante nulla', 12, 16);
insert into notification (id, "date", description, receiver_id, sender_id) values (18, '2021-08-25 18:08:17', 'erat eros viverra eget congue eget semper rutrum nulla nunc', 21, 7);
insert into notification (id, "date", description, receiver_id, sender_id) values (19, '2021-12-13 18:20:13', 'turpis enim blandit mi in porttitor', 17, 28);
insert into notification (id, "date", description, receiver_id, sender_id) values (20, '2020-09-05 17:03:11', 'luctus tincidunt nulla mollis molestie lorem quisque ut', 13, 14);
insert into notification (id, "date", description, receiver_id, sender_id) values (21, '2021-12-28 18:26:21', 'bibendum imperdiet nullam orci pede venenatis non sodales sed tincidunt', 7, 16);
insert into notification (id, "date", description, receiver_id, sender_id) values (22, '2022-08-17 02:18:39', 'nibh in quis justo maecenas rhoncus aliquam', 15, 7);
insert into notification (id, "date", description, receiver_id, sender_id) values (23, '2022-11-15 09:33:22', 'mauris eget massa tempor convallis nulla neque libero convallis', 4, 21);
insert into notification (id, "date", description, receiver_id, sender_id) values (24, '2022-07-23 00:19:26', 'ante vel ipsum praesent blandit lacinia', 25, 1);
insert into notification (id, "date", description, receiver_id, sender_id) values (25, '2021-01-17 22:04:26', 'diam neque vestibulum eget vulputate ut ultrices vel', 19, 14);
insert into notification (id, "date", description, receiver_id, sender_id) values (26, '2022-11-06 10:50:07', 'eu massa donec dapibus duis at velit', 21, 8);
insert into notification (id, "date", description, receiver_id, sender_id) values (27, '2021-01-28 20:11:52', 'cubilia curae duis faucibus accumsan odio curabitur convallis duis', 19, 30);
insert into notification (id, "date", description, receiver_id, sender_id) values (28, '2022-09-12 06:41:50', 'in tempor turpis nec euismod scelerisque quam turpis adipiscing lorem', 11, 8);
insert into notification (id, "date", description, receiver_id, sender_id) values (29, '2023-02-05 02:23:14', 'ligula pellentesque ultrices phasellus id sapien', 24, 9);
insert into notification (id, "date", description, receiver_id, sender_id) values (30, '2021-02-19 07:56:38', 'ultricies eu nibh quisque id justo', 25, 10);
insert into notification (id, "date", description, receiver_id, sender_id) values (31, '2022-02-08 16:00:37', 'lacinia sapien quis libero nullam sit amet turpis elementum ligula', 19, 3);
insert into notification (id, "date", description, receiver_id, sender_id) values (32, '2022-06-08 04:42:23', 'fringilla rhoncus mauris enim leo rhoncus', 28, 23);
insert into notification (id, "date", description, receiver_id, sender_id) values (33, '2020-06-22 14:21:21', 'magnis dis parturient montes nascetur ridiculus mus vivamus vestibulum', 2, 1);
insert into notification (id, "date", description, receiver_id, sender_id) values (34, '2021-06-07 07:46:39', 'venenatis turpis enim blandit mi in porttitor', 21, 27);
insert into notification (id, "date", description, receiver_id, sender_id) values (35, '2022-05-05 22:37:11', 'duis at velit eu est congue elementum in hac habitasse', 30, 6);
insert into notification (id, "date", description, receiver_id, sender_id) values (36, '2021-10-08 22:21:51', 'id ornare imperdiet sapien urna pretium nisl ut volutpat', 21, 28);
insert into notification (id, "date", description, receiver_id, sender_id) values (37, '2021-01-22 09:58:56', 'proin eu mi nulla ac enim in tempor turpis nec', 3, 8);
insert into notification (id, "date", description, receiver_id, sender_id) values (38, '2022-01-19 12:59:13', 'nibh in quis justo maecenas rhoncus aliquam lacus morbi', 2, 23);
insert into notification (id, "date", description, receiver_id, sender_id) values (39, '2021-08-08 15:11:52', 'ultrices posuere cubilia curae mauris viverra diam vitae', 18, 4);
insert into notification (id, "date", description, receiver_id, sender_id) values (40, '2022-11-06 08:32:40', 'sed vel enim sit amet nunc viverra dapibus nulla suscipit', 6, 28);
insert into notification (id, "date", description, receiver_id, sender_id) values (41, '2020-08-27 05:35:39', 'nec molestie sed justo pellentesque viverra pede ac', 16, 15);
insert into notification (id, "date", description, receiver_id, sender_id) values (42, '2021-12-03 09:04:42', 'potenti in eleifend quam a odio', 13, 2);
insert into notification (id, "date", description, receiver_id, sender_id) values (43, '2022-10-24 08:10:55', 'quam nec dui luctus rutrum nulla tellus', 17, 14);
insert into notification (id, "date", description, receiver_id, sender_id) values (44, '2022-05-18 12:44:00', 'nibh fusce lacus purus aliquet at feugiat non pretium', 3, 2);
insert into notification (id, "date", description, receiver_id, sender_id) values (45, '2023-03-12 07:30:33', 'nisl venenatis lacinia aenean sit amet justo morbi ut odio', 26, 3);
insert into notification (id, "date", description, receiver_id, sender_id) values (46, '2020-07-05 02:12:10', 'turpis adipiscing lorem vitae mattis nibh ligula', 17, 26);
insert into notification (id, "date", description, receiver_id, sender_id) values (47, '2022-02-08 12:39:59', 'lacus morbi quis tortor id nulla ultrices aliquet maecenas', 11, 20);
insert into notification (id, "date", description, receiver_id, sender_id) values (48, '2022-03-16 11:54:39', 'in eleifend quam a odio in hac habitasse platea', 4, 30);
insert into notification (id, "date", description, receiver_id, sender_id) values (49, '2021-01-12 21:48:51', 'tempus vivamus in felis eu sapien', 18, 4);
insert into notification (id, "date", description, receiver_id, sender_id) values (50, '2021-01-03 22:57:58', 'justo morbi ut odio cras mi pede malesuada', 26, 11);
insert into notification (id, "date", description, receiver_id, sender_id) values (51, '2023-02-18 06:49:02', 'elit sodales scelerisque mauris sit amet', 11, 25);
insert into notification (id, "date", description, receiver_id, sender_id) values (52, '2023-02-27 11:13:00', 'pellentesque at nulla suspendisse potenti cras in purus eu', 14, 24);
insert into notification (id, "date", description, receiver_id, sender_id) values (53, '2022-10-28 01:36:56', 'velit vivamus vel nulla eget eros elementum pellentesque quisque porta', 7, 2);
insert into notification (id, "date", description, receiver_id, sender_id) values (54, '2021-09-30 11:35:48', 'et tempus semper est quam pharetra magna ac consequat metus', 3, 22);
insert into notification (id, "date", description, receiver_id, sender_id) values (55, '2021-03-10 23:54:38', 'nulla sed accumsan felis ut at dolor', 5, 21);
insert into notification (id, "date", description, receiver_id, sender_id) values (56, '2022-08-08 00:51:11', 'quam turpis adipiscing lorem vitae mattis', 7, 5);
insert into notification (id, "date", description, receiver_id, sender_id) values (57, '2022-04-07 19:34:55', 'at feugiat non pretium quis lectus suspendisse potenti in', 17, 14);
insert into notification (id, "date", description, receiver_id, sender_id) values (58, '2022-03-22 11:22:33', 'justo maecenas rhoncus aliquam lacus morbi quis tortor', 15, 21);
insert into notification (id, "date", description, receiver_id, sender_id) values (59, '2022-01-01 23:31:54', 'consequat lectus in est risus auctor sed tristique in tempus', 2, 21);
insert into notification (id, "date", description, receiver_id, sender_id) values (60, '2020-12-20 19:36:36', 'tincidunt ante vel ipsum praesent blandit lacinia erat vestibulum', 30, 10);
insert into notification (id, "date", description, receiver_id, sender_id) values (61, '2022-08-17 07:23:33', 'turpis integer aliquet massa id lobortis convallis tortor risus', 4, 1);
insert into notification (id, "date", description, receiver_id, sender_id) values (62, '2021-01-18 08:47:19', 'dis parturient montes nascetur ridiculus mus etiam vel augue', 19, 3);
insert into notification (id, "date", description, receiver_id, sender_id) values (63, '2022-05-29 13:05:37', 'consequat metus sapien ut nunc vestibulum ante ipsum primis in', 6, 23);
insert into notification (id, "date", description, receiver_id, sender_id) values (64, '2022-09-25 01:52:32', 'morbi ut odio cras mi pede malesuada', 12, 6);
insert into notification (id, "date", description, receiver_id, sender_id) values (65, '2022-09-20 22:05:27', 'vivamus tortor duis mattis egestas metus aenean', 17, 16);
insert into notification (id, "date", description, receiver_id, sender_id) values (66, '2020-09-04 17:21:53', 'nisl venenatis lacinia aenean sit amet justo morbi ut odio', 18, 27);
insert into notification (id, "date", description, receiver_id, sender_id) values (67, '2023-02-12 14:36:02', 'volutpat erat quisque erat eros viverra eget congue eget semper', 7, 26);
insert into notification (id, "date", description, receiver_id, sender_id) values (68, '2022-01-24 20:00:13', 'vitae consectetuer eget rutrum at lorem', 29, 4);
insert into notification (id, "date", description, receiver_id, sender_id) values (69, '2021-04-20 20:07:48', 'sed ante vivamus tortor duis mattis', 20, 13);
insert into notification (id, "date", description, receiver_id, sender_id) values (70, '2020-10-13 19:02:56', 'aenean fermentum donec ut mauris eget massa', 14, 13);
insert into notification (id, "date", description, receiver_id, sender_id) values (71, '2022-06-01 12:42:30', 'ut volutpat sapien arcu sed augue aliquam erat', 22, 5);
insert into notification (id, "date", description, receiver_id, sender_id) values (72, '2022-12-12 04:58:10', 'pellentesque ultrices mattis odio donec vitae nisi', 21, 25);
insert into notification (id, "date", description, receiver_id, sender_id) values (73, '2021-01-05 07:42:50', 'ridiculus mus etiam vel augue vestibulum rutrum rutrum', 4, 11);
insert into notification (id, "date", description, receiver_id, sender_id) values (74, '2020-06-23 08:39:36', 'urna pretium nisl ut volutpat sapien arcu sed', 27, 2);
insert into notification (id, "date", description, receiver_id, sender_id) values (75, '2020-08-25 14:14:22', 'ac tellus semper interdum mauris ullamcorper purus sit amet', 14, 25);
insert into notification (id, "date", description, receiver_id, sender_id) values (76, '2022-11-12 12:13:54', 'sed vestibulum sit amet cursus id turpis integer', 11, 30);
insert into notification (id, "date", description, receiver_id, sender_id) values (77, '2020-09-18 09:28:57', 'iaculis congue vivamus metus arcu adipiscing', 12, 7);
insert into notification (id, "date", description, receiver_id, sender_id) values (78, '2020-08-04 19:13:48', 'tempus sit amet sem fusce consequat nulla nisl nunc nisl', 25, 23);
insert into notification (id, "date", description, receiver_id, sender_id) values (79, '2021-06-11 14:28:27', 'in purus eu magna vulputate luctus cum sociis natoque penatibus', 12, 28);
insert into notification (id, "date", description, receiver_id, sender_id) values (80, '2022-06-14 06:31:57', 'consequat lectus in est risus auctor sed', 20, 28);

insert into notification_kick (notification_id, project_id) values (1, 45);
insert into notification_kick (notification_id, project_id) values (2, 24);
insert into notification_kick (notification_id, project_id) values (3, 40);
insert into notification_kick (notification_id, project_id) values (4, 11);
insert into notification_kick (notification_id, project_id) values (5, 4);
insert into notification_kick (notification_id, project_id) values (6, 42);
insert into notification_kick (notification_id, project_id) values (7, 49);
insert into notification_kick (notification_id, project_id) values (8, 16);
insert into notification_kick (notification_id, project_id) values (9, 6);
insert into notification_kick (notification_id, project_id) values (10, 30);
insert into notification_kick (notification_id, project_id) values (11, 10);
insert into notification_kick (notification_id, project_id) values (12, 50);
insert into notification_kick (notification_id, project_id) values (13, 6);
insert into notification_kick (notification_id, project_id) values (14, 12);
insert into notification_kick (notification_id, project_id) values (15, 40);
insert into notification_kick (notification_id, project_id) values (16, 15);
insert into notification_kick (notification_id, project_id) values (17, 38);
insert into notification_kick (notification_id, project_id) values (18, 2);
insert into notification_kick (notification_id, project_id) values (19, 26);
insert into notification_kick (notification_id, project_id) values (20, 15);

insert into notification_invite (notification_id, project_id) values (21, 26);
insert into notification_invite (notification_id, project_id) values (22, 10);
insert into notification_invite (notification_id, project_id) values (23, 9);
insert into notification_invite (notification_id, project_id) values (24, 29);
insert into notification_invite (notification_id, project_id) values (25, 34);
insert into notification_invite (notification_id, project_id) values (26, 7);
insert into notification_invite (notification_id, project_id) values (27, 30);
insert into notification_invite (notification_id, project_id) values (28, 2);
insert into notification_invite (notification_id, project_id) values (29, 49);
insert into notification_invite (notification_id, project_id) values (30, 4);
insert into notification_invite (notification_id, project_id) values (31, 46);
insert into notification_invite (notification_id, project_id) values (32, 44);
insert into notification_invite (notification_id, project_id) values (33, 20);
insert into notification_invite (notification_id, project_id) values (34, 48);
insert into notification_invite (notification_id, project_id) values (35, 37);
insert into notification_invite (notification_id, project_id) values (36, 1);
insert into notification_invite (notification_id, project_id) values (37, 6);
insert into notification_invite (notification_id, project_id) values (38, 17);
insert into notification_invite (notification_id, project_id) values (39, 35);
insert into notification_invite (notification_id, project_id) values (40, 42);

insert into notification_assign (notification_id, issue_id) values (41, 48);
insert into notification_assign (notification_id, issue_id) values (42, 444);
insert into notification_assign (notification_id, issue_id) values (43, 230);
insert into notification_assign (notification_id, issue_id) values (44, 12);
insert into notification_assign (notification_id, issue_id) values (45, 199);
insert into notification_assign (notification_id, issue_id) values (46, 269);
insert into notification_assign (notification_id, issue_id) values (47, 30);
insert into notification_assign (notification_id, issue_id) values (48, 479);
insert into notification_assign (notification_id, issue_id) values (49, 182);
insert into notification_assign (notification_id, issue_id) values (50, 370);
insert into notification_assign (notification_id, issue_id) values (51, 373);
insert into notification_assign (notification_id, issue_id) values (52, 207);
insert into notification_assign (notification_id, issue_id) values (53, 104);
insert into notification_assign (notification_id, issue_id) values (54, 425);
insert into notification_assign (notification_id, issue_id) values (55, 363);
insert into notification_assign (notification_id, issue_id) values (56, 128);
insert into notification_assign (notification_id, issue_id) values (57, 215);
insert into notification_assign (notification_id, issue_id) values (58, 189);
insert into notification_assign (notification_id, issue_id) values (59, 272);
insert into notification_assign (notification_id, issue_id) values (60, 485);

insert into notification_event (notification_id, event_id) values (61, 24);
insert into notification_event (notification_id, event_id) values (62, 20);
insert into notification_event (notification_id, event_id) values (63, 76);
insert into notification_event (notification_id, event_id) values (64, 47);
insert into notification_event (notification_id, event_id) values (65, 25);
insert into notification_event (notification_id, event_id) values (66, 19);
insert into notification_event (notification_id, event_id) values (67, 42);
insert into notification_event (notification_id, event_id) values (68, 51);
insert into notification_event (notification_id, event_id) values (69, 42);
insert into notification_event (notification_id, event_id) values (70, 24);
insert into notification_event (notification_id, event_id) values (71, 29);
insert into notification_event (notification_id, event_id) values (72, 31);
insert into notification_event (notification_id, event_id) values (73, 54);
insert into notification_event (notification_id, event_id) values (74, 29);
insert into notification_event (notification_id, event_id) values (75, 26);
insert into notification_event (notification_id, event_id) values (76, 43);
insert into notification_event (notification_id, event_id) values (77, 30);
insert into notification_event (notification_id, event_id) values (78, 34);
insert into notification_event (notification_id, event_id) values (79, 24);
insert into notification_event (notification_id, event_id) values (80, 75);

insert into color (id, rgb_code) values (1, 'FDFFFCEF');
insert into color (id, rgb_code) values (2, 'FFCFFFFD');
insert into color (id, rgb_code) values (3, 'FFCFFEFD');
insert into color (id, rgb_code) values (4, '1EFFDFFD');
insert into color (id, rgb_code) values (5, 'EFBF2BFF');
insert into color (id, rgb_code) values (6, 'FFFDFB7F');
insert into color (id, rgb_code) values (7, 'FEEECFEB');
insert into color (id, rgb_code) values (8, 'FFEFCFAC');
insert into color (id, rgb_code) values (9, 'FFDFFEEF');
insert into color (id, rgb_code) values (10, 'EFFFEEAF');
insert into color (id, rgb_code) values (11, 'DFFDFCFF');
insert into color (id, rgb_code) values (12, 'FEFFFFFF');
insert into color (id, rgb_code) values (13, 'BFFFFFCE');
insert into color (id, rgb_code) values (14, 'EEFECFEF');
insert into color (id, rgb_code) values (15, 'FFEDFFFC');
insert into color (id, rgb_code) values (16, 'EFFFDFEB');
insert into color (id, rgb_code) values (17, 'AEBBEDFF');
insert into color (id, rgb_code) values (18, 'FDFCFFFE');
insert into color (id, rgb_code) values (19, 'EEFFFEFF');
insert into color (id, rgb_code) values (20, 'EFFFDF9F');
insert into color (id, rgb_code) values (21, 'EFDCDFFE');
insert into color (id, rgb_code) values (22, 'FFFFFEEC');
insert into color (id, rgb_code) values (23, 'EFFCFFEF');
insert into color (id, rgb_code) values (24, 'FDEFFFFE');
insert into color (id, rgb_code) values (25, 'CFDDFFCF');
insert into color (id, rgb_code) values (26, 'FDFEFDDC');
insert into color (id, rgb_code) values (27, 'FFFFEFFF');
insert into color (id, rgb_code) values (28, 'EECFEFBD');
insert into color (id, rgb_code) values (29, 'DFFFDD3E');
insert into color (id, rgb_code) values (30, 'FFDFFFFD');

insert into vote (user_id, comment_id, upvote) values (28, 32, null);
insert into vote (user_id, comment_id, upvote) values (18, 37, null);
insert into vote (user_id, comment_id, upvote) values (7, 36, null);
insert into vote (user_id, comment_id, upvote) values (6, 78, null);
insert into vote (user_id, comment_id, upvote) values (8, 9, null);
insert into vote (user_id, comment_id, upvote) values (22, 83, null);
insert into vote (user_id, comment_id, upvote) values (23, 81, null);
insert into vote (user_id, comment_id, upvote) values (20, 8, null);
insert into vote (user_id, comment_id, upvote) values (21, 86, null);
insert into vote (user_id, comment_id, upvote) values (14, 7, null);
insert into vote (user_id, comment_id, upvote) values (23, 52, null);
insert into vote (user_id, comment_id, upvote) values (27, 50, null);
insert into vote (user_id, comment_id, upvote) values (21, 27, null);
insert into vote (user_id, comment_id, upvote) values (22, 97, null);
insert into vote (user_id, comment_id, upvote) values (16, 57, null);
insert into vote (user_id, comment_id, upvote) values (9, 12, null);
insert into vote (user_id, comment_id, upvote) values (25, 90, null);
insert into vote (user_id, comment_id, upvote) values (2, 38, null);
insert into vote (user_id, comment_id, upvote) values (5, 55, null);
insert into vote (user_id, comment_id, upvote) values (10, 64, null);
insert into vote (user_id, comment_id, upvote) values (2, 83, null);
insert into vote (user_id, comment_id, upvote) values (8, 60, null);
insert into vote (user_id, comment_id, upvote) values (8, 69, null);
insert into vote (user_id, comment_id, upvote) values (2, 63, null);
insert into vote (user_id, comment_id, upvote) values (15, 33, null);
insert into vote (user_id, comment_id, upvote) values (19, 100, null);
insert into vote (user_id, comment_id, upvote) values (23, 38, null);
insert into vote (user_id, comment_id, upvote) values (23, 25, null);
insert into vote (user_id, comment_id, upvote) values (22, 36, null);
insert into vote (user_id, comment_id, upvote) values (24, 50, null);


insert into report (id, description, reports_id, reported_id) values (1, 'eu felis fusce posuere felis sed lacus morbi sem mauris laoreet ut rhoncus aliquet pulvinar sed nisl nunc rhoncus dui vel sem sed sagittis nam congue risus semper porta volutpat quam pede lobortis ligula sit amet eleifend pede libero quis orci nullam molestie nibh in lectus pellentesque at nulla suspendisse potenti cras in purus eu magna vulputate luctus cum sociis natoque penatibus et magnis dis parturient montes nascetur ridiculus', 18, 20);
insert into report (id, description, reports_id, reported_id) values (2, 'dui vel nisl duis ac nibh fusce lacus purus aliquet at feugiat non pretium quis lectus suspendisse potenti in eleifend quam a odio in hac habitasse platea dictumst maecenas ut massa quis augue luctus tincidunt nulla mollis molestie lorem quisque ut erat curabitur gravida nisi at nibh in hac habitasse platea dictumst aliquam augue quam sollicitudin vitae consectetuer eget rutrum at lorem integer tincidunt ante vel ipsum praesent blandit lacinia erat vestibulum sed magna at nunc commodo placerat praesent blandit nam', 1, 24);
insert into report (id, description, reports_id, reported_id) values (3, 'blandit non interdum in ante vestibulum ante ipsum primis in faucibus orci luctus et ultrices posuere cubilia curae duis faucibus accumsan odio curabitur convallis duis consequat dui nec nisi volutpat eleifend donec ut dolor morbi vel lectus in quam fringilla rhoncus mauris enim leo rhoncus sed vestibulum sit amet cursus id turpis integer aliquet massa id lobortis convallis tortor risus dapibus augue vel accumsan', 12, 28);
insert into report (id, description, reports_id, reported_id) values (4, 'volutpat dui maecenas tristique est et tempus semper est quam pharetra magna ac consequat metus sapien ut nunc vestibulum ante ipsum primis in faucibus orci luctus et ultrices posuere cubilia curae mauris viverra diam vitae quam suspendisse potenti nullam porttitor lacus at turpis donec posuere metus vitae ipsum aliquam non mauris morbi non lectus aliquam sit amet diam in magna bibendum imperdiet nullam orci pede venenatis non sodales sed tincidunt eu felis fusce posuere felis sed lacus morbi sem mauris laoreet ut rhoncus aliquet pulvinar sed nisl nunc rhoncus dui vel sem sed sagittis', 19, 12);
insert into report (id, description, reports_id, reported_id) values (5, 'felis sed interdum venenatis turpis enim blandit mi in porttitor pede justo eu massa donec dapibus duis at velit eu est congue elementum in hac habitasse platea dictumst morbi vestibulum velit id pretium iaculis diam erat fermentum justo nec condimentum neque sapien placerat ante nulla justo aliquam quis turpis eget elit sodales scelerisque mauris sit amet eros suspendisse accumsan tortor quis turpis sed ante vivamus tortor duis mattis egestas metus aenean fermentum donec ut mauris eget massa tempor convallis nulla neque libero convallis eget eleifend luctus ultricies eu nibh quisque id justo', 6, 7);

insert into tag (id, name, color_id) values (1, 'eu felis', 8);
insert into tag (id, name, color_id) values (2, 'lectus', 29);
insert into tag (id, name, color_id) values (3, 'non', 2);
insert into tag (id, name, color_id) values (4, 'ullamcorper purus', 27);
insert into tag (id, name, color_id) values (5, 'risus', 27);
insert into tag (id, name, color_id) values (6, 'lorem', 28);
insert into tag (id, name, color_id) values (7, 'dolor morbi', 1);
insert into tag (id, name, color_id) values (8, 'leo', 5);
insert into tag (id, name, color_id) values (9, 'quam a', 14);
insert into tag (id, name, color_id) values (10, 'diam', 23);
insert into tag (id, name, color_id) values (11, 'justo', 15);
insert into tag (id, name, color_id) values (12, 'lobortis', 11);
insert into tag (id, name, color_id) values (13, 'sit', 18);
insert into tag (id, name, color_id) values (14, 'in quam', 16);
insert into tag (id, name, color_id) values (15, 'ligula pellentesque', 25);
insert into tag (id, name, color_id) values (16, 'cras', 25);
insert into tag (id, name, color_id) values (17, 'nulla', 6);
insert into tag (id, name, color_id) values (18, 'quis turpis', 28);
insert into tag (id, name, color_id) values (19, 'duis bibendum', 17);
insert into tag (id, name, color_id) values (20, 'odio', 1);
insert into tag (id, name, color_id) values (21, 'augue a', 9);
insert into tag (id, name, color_id) values (22, 'ante', 11);
insert into tag (id, name, color_id) values (23, 'sapien placerat', 7);
insert into tag (id, name, color_id) values (24, 'nulla ultrices', 27);
insert into tag (id, name, color_id) values (25, 'vestibulum', 10);
insert into tag (id, name, color_id) values (26, 'metus vitae', 27);
insert into tag (id, name, color_id) values (27, 'sed', 13);
insert into tag (id, name, color_id) values (28, 'hac', 22);
insert into tag (id, name, color_id) values (29, 'luctus', 12);
insert into tag (id, name, color_id) values (30, 'consequat in', 18);
insert into tag (id, name, color_id) values (31, 'nibh', 13);
insert into tag (id, name, color_id) values (32, 'luctus rutrum', 29);
insert into tag (id, name, color_id) values (33, 'risus dapibus', 21);
insert into tag (id, name, color_id) values (34, 'ante vel', 24);
insert into tag (id, name, color_id) values (35, 'enim lorem', 8);
insert into tag (id, name, color_id) values (36, 'mauris non', 21);
insert into tag (id, name, color_id) values (37, 'sapien dignissim', 1);
insert into tag (id, name, color_id) values (38, 'odio', 10);
insert into tag (id, name, color_id) values (39, 'nec', 21);
insert into tag (id, name, color_id) values (40, 'erat', 21);
insert into tag (id, name, color_id) values (41, 'aliquam', 15);
insert into tag (id, name, color_id) values (42, 'ut massa', 26);
insert into tag (id, name, color_id) values (43, 'vestibulum', 16);
insert into tag (id, name, color_id) values (44, 'penatibus', 28);
insert into tag (id, name, color_id) values (45, 'aliquam augue', 29);
insert into tag (id, name, color_id) values (46, 'amet', 14);
insert into tag (id, name, color_id) values (47, 'mi sit', 2);
insert into tag (id, name, color_id) values (48, 'mattis', 4);
insert into tag (id, name, color_id) values (49, 'vestibulum', 24);
insert into tag (id, name, color_id) values (50, 'aliquam lacus', 18);
insert into tag (id, name, color_id) values (51, 'semper est', 14);
insert into tag (id, name, color_id) values (52, 'congue', 24);
insert into tag (id, name, color_id) values (53, 'lectus', 29);
insert into tag (id, name, color_id) values (54, 'non ligula', 11);
insert into tag (id, name, color_id) values (55, 'sed', 1);
insert into tag (id, name, color_id) values (56, 'cras', 14);
insert into tag (id, name, color_id) values (57, 'non velit', 25);
insert into tag (id, name, color_id) values (58, 'orci', 17);
insert into tag (id, name, color_id) values (59, 'dictumst', 21);
insert into tag (id, name, color_id) values (60, 'in', 2);
insert into tag (id, name, color_id) values (61, 'velit vivamus', 10);
insert into tag (id, name, color_id) values (62, 'sed', 2);
insert into tag (id, name, color_id) values (63, 'odio condimentum', 25);
insert into tag (id, name, color_id) values (64, 'id', 20);
insert into tag (id, name, color_id) values (65, 'a', 7);
insert into tag (id, name, color_id) values (66, 'morbi sem', 7);
insert into tag (id, name, color_id) values (67, 'ornare', 3);
insert into tag (id, name, color_id) values (68, 'vehicula', 5);
insert into tag (id, name, color_id) values (69, 'leo rhoncus', 3);
insert into tag (id, name, color_id) values (70, 'nunc purus', 13);
insert into tag (id, name, color_id) values (71, 'quam', 16);
insert into tag (id, name, color_id) values (72, 'nam', 24);
insert into tag (id, name, color_id) values (73, 'faucibus', 18);
insert into tag (id, name, color_id) values (74, 'ut blandit', 21);
insert into tag (id, name, color_id) values (75, 'pellentesque at', 10);
insert into tag (id, name, color_id) values (76, 'ut nunc', 22);
insert into tag (id, name, color_id) values (77, 'nulla suspendisse', 29);
insert into tag (id, name, color_id) values (78, 'morbi a', 10);
insert into tag (id, name, color_id) values (79, 'faucibus cursus', 27);
insert into tag (id, name, color_id) values (80, 'quam pharetra', 12);
insert into tag (id, name, color_id) values (81, 'consequat', 26);
insert into tag (id, name, color_id) values (82, 'mi pede', 16);
insert into tag (id, name, color_id) values (83, 'libero', 15);
insert into tag (id, name, color_id) values (84, 'cum sociis', 25);
insert into tag (id, name, color_id) values (85, 'faucibus orci', 26);
insert into tag (id, name, color_id) values (86, 'placerat ante', 28);
insert into tag (id, name, color_id) values (87, 'in', 27);
insert into tag (id, name, color_id) values (88, 'lectus vestibulum', 3);
insert into tag (id, name, color_id) values (89, 'quam', 28);
insert into tag (id, name, color_id) values (90, 'fusce', 17);
insert into tag (id, name, color_id) values (91, 'faucibus orci', 29);
insert into tag (id, name, color_id) values (92, 'nec', 12);
insert into tag (id, name, color_id) values (93, 'duis', 14);
insert into tag (id, name, color_id) values (94, 'viverra', 5);
insert into tag (id, name, color_id) values (95, 'nulla', 13);
insert into tag (id, name, color_id) values (96, 'et', 29);
insert into tag (id, name, color_id) values (97, 'vivamus vestibulum', 12);
insert into tag (id, name, color_id) values (98, 'nam tristique', 2);
insert into tag (id, name, color_id) values (99, 'morbi', 18);
insert into tag (id, name, color_id) values (100, 'duis', 16);

insert into user_tag (user_id, tag_id) values (17, 1);
insert into user_tag (user_id, tag_id) values (5, 2);
insert into user_tag (user_id, tag_id) values (29, 3);
insert into user_tag (user_id, tag_id) values (7, 4);
insert into user_tag (user_id, tag_id) values (20, 5);
insert into user_tag (user_id, tag_id) values (9, 6);
insert into user_tag (user_id, tag_id) values (21, 7);
insert into user_tag (user_id, tag_id) values (4, 8);
insert into user_tag (user_id, tag_id) values (11, 9);
insert into user_tag (user_id, tag_id) values (29, 10);
insert into user_tag (user_id, tag_id) values (23, 11);
insert into user_tag (user_id, tag_id) values (18, 12);
insert into user_tag (user_id, tag_id) values (23, 13);
insert into user_tag (user_id, tag_id) values (4, 14);
insert into user_tag (user_id, tag_id) values (21, 15);
insert into user_tag (user_id, tag_id) values (19, 16);
insert into user_tag (user_id, tag_id) values (1, 17);
insert into user_tag (user_id, tag_id) values (27, 18);
insert into user_tag (user_id, tag_id) values (16, 19);
insert into user_tag (user_id, tag_id) values (18, 20);
insert into user_tag (user_id, tag_id) values (12, 21);
insert into user_tag (user_id, tag_id) values (29, 22);
insert into user_tag (user_id, tag_id) values (24, 23);
insert into user_tag (user_id, tag_id) values (10, 24);
insert into user_tag (user_id, tag_id) values (30, 25);
insert into user_tag (user_id, tag_id) values (21, 26);
insert into user_tag (user_id, tag_id) values (6, 27);
insert into user_tag (user_id, tag_id) values (17, 28);
insert into user_tag (user_id, tag_id) values (5, 29);
insert into user_tag (user_id, tag_id) values (4, 30);

insert into issue_tag (issue_id, tag_id) values (27, 31);
insert into issue_tag (issue_id, tag_id) values (10, 32);
insert into issue_tag (issue_id, tag_id) values (12, 33);
insert into issue_tag (issue_id, tag_id) values (22, 34);
insert into issue_tag (issue_id, tag_id) values (19, 35);
insert into issue_tag (issue_id, tag_id) values (27, 36);
insert into issue_tag (issue_id, tag_id) values (3, 37);
insert into issue_tag (issue_id, tag_id) values (4, 38);
insert into issue_tag (issue_id, tag_id) values (6, 39);
insert into issue_tag (issue_id, tag_id) values (29, 40);
insert into issue_tag (issue_id, tag_id) values (26, 41);
insert into issue_tag (issue_id, tag_id) values (10, 42);
insert into issue_tag (issue_id, tag_id) values (17, 43);
insert into issue_tag (issue_id, tag_id) values (2, 44);
insert into issue_tag (issue_id, tag_id) values (14, 45);
insert into issue_tag (issue_id, tag_id) values (4, 46);
insert into issue_tag (issue_id, tag_id) values (23, 47);
insert into issue_tag (issue_id, tag_id) values (20, 48);
insert into issue_tag (issue_id, tag_id) values (24, 49);
insert into issue_tag (issue_id, tag_id) values (11, 50);
insert into issue_tag (issue_id, tag_id) values (23, 51);
insert into issue_tag (issue_id, tag_id) values (12, 52);
insert into issue_tag (issue_id, tag_id) values (26, 53);
insert into issue_tag (issue_id, tag_id) values (23, 54);
insert into issue_tag (issue_id, tag_id) values (29, 55);
insert into issue_tag (issue_id, tag_id) values (11, 56);
insert into issue_tag (issue_id, tag_id) values (16, 57);
insert into issue_tag (issue_id, tag_id) values (19, 58);
insert into issue_tag (issue_id, tag_id) values (14, 59);
insert into issue_tag (issue_id, tag_id) values (15, 60);
insert into issue_tag (issue_id, tag_id) values (30, 61);
insert into issue_tag (issue_id, tag_id) values (11, 62);
insert into issue_tag (issue_id, tag_id) values (27, 63);
insert into issue_tag (issue_id, tag_id) values (23, 64);
insert into issue_tag (issue_id, tag_id) values (7, 65);
insert into issue_tag (issue_id, tag_id) values (2, 66);
insert into issue_tag (issue_id, tag_id) values (7, 67);
insert into issue_tag (issue_id, tag_id) values (19, 68);
insert into issue_tag (issue_id, tag_id) values (19, 69);
insert into issue_tag (issue_id, tag_id) values (15, 70);
insert into issue_tag (issue_id, tag_id) values (8, 71);
insert into issue_tag (issue_id, tag_id) values (3, 72);
insert into issue_tag (issue_id, tag_id) values (18, 73);
insert into issue_tag (issue_id, tag_id) values (21, 74);
insert into issue_tag (issue_id, tag_id) values (25, 75);
insert into issue_tag (issue_id, tag_id) values (17, 76);
insert into issue_tag (issue_id, tag_id) values (13, 77);
insert into issue_tag (issue_id, tag_id) values (8, 78);
insert into issue_tag (issue_id, tag_id) values (24, 79);
insert into issue_tag (issue_id, tag_id) values (24, 80);
insert into issue_tag (issue_id, tag_id) values (26, 81);
insert into issue_tag (issue_id, tag_id) values (15, 82);
insert into issue_tag (issue_id, tag_id) values (16, 83);
insert into issue_tag (issue_id, tag_id) values (3, 84);
insert into issue_tag (issue_id, tag_id) values (26, 85);
insert into issue_tag (issue_id, tag_id) values (24, 86);
insert into issue_tag (issue_id, tag_id) values (17, 87);
insert into issue_tag (issue_id, tag_id) values (26, 88);
insert into issue_tag (issue_id, tag_id) values (7, 89);
insert into issue_tag (issue_id, tag_id) values (15, 90);
insert into issue_tag (issue_id, tag_id) values (6, 91);
insert into issue_tag (issue_id, tag_id) values (26, 92);
insert into issue_tag (issue_id, tag_id) values (21, 93);
insert into issue_tag (issue_id, tag_id) values (28, 94);
insert into issue_tag (issue_id, tag_id) values (9, 95);
insert into issue_tag (issue_id, tag_id) values (6, 96);
insert into issue_tag (issue_id, tag_id) values (13, 97);
insert into issue_tag (issue_id, tag_id) values (20, 98);
insert into issue_tag (issue_id, tag_id) values (10, 99);
insert into issue_tag (issue_id, tag_id) values (26, 100);


insert into assigned_user (user_id, issue_id) values (3, 295);
insert into assigned_user (user_id, issue_id) values (10, 174);
insert into assigned_user (user_id, issue_id) values (4, 161);
insert into assigned_user (user_id, issue_id) values (26, 353);
insert into assigned_user (user_id, issue_id) values (4, 5);
insert into assigned_user (user_id, issue_id) values (13, 5);
insert into assigned_user (user_id, issue_id) values (7, 231);
insert into assigned_user (user_id, issue_id) values (25, 294);
insert into assigned_user (user_id, issue_id) values (24, 476);
insert into assigned_user (user_id, issue_id) values (3, 127);
insert into assigned_user (user_id, issue_id) values (7, 363);
insert into assigned_user (user_id, issue_id) values (28, 287);
insert into assigned_user (user_id, issue_id) values (6, 495);
insert into assigned_user (user_id, issue_id) values (21, 190);
insert into assigned_user (user_id, issue_id) values (10, 21);
insert into assigned_user (user_id, issue_id) values (21, 45);
insert into assigned_user (user_id, issue_id) values (7, 264);
insert into assigned_user (user_id, issue_id) values (5, 214);
insert into assigned_user (user_id, issue_id) values (19, 235);
insert into assigned_user (user_id, issue_id) values (1, 349);
insert into assigned_user (user_id, issue_id) values (21, 268);
insert into assigned_user (user_id, issue_id) values (13, 351);
insert into assigned_user (user_id, issue_id) values (16, 316);
insert into assigned_user (user_id, issue_id) values (2, 477);
insert into assigned_user (user_id, issue_id) values (9, 329);
insert into assigned_user (user_id, issue_id) values (29, 450);
insert into assigned_user (user_id, issue_id) values (2, 227);
insert into assigned_user (user_id, issue_id) values (10, 10);
insert into assigned_user (user_id, issue_id) values (13, 153);
insert into assigned_user (user_id, issue_id) values (11, 471);
insert into assigned_user (user_id, issue_id) values (29, 211);
insert into assigned_user (user_id, issue_id) values (3, 226);
insert into assigned_user (user_id, issue_id) values (3, 212);
insert into assigned_user (user_id, issue_id) values (29, 440);
insert into assigned_user (user_id, issue_id) values (22, 63);
insert into assigned_user (user_id, issue_id) values (22, 286);
insert into assigned_user (user_id, issue_id) values (3, 129);
insert into assigned_user (user_id, issue_id) values (19, 305);
insert into assigned_user (user_id, issue_id) values (16, 16);
insert into assigned_user (user_id, issue_id) values (6, 60);
insert into assigned_user (user_id, issue_id) values (28, 462);
insert into assigned_user (user_id, issue_id) values (20, 493);
insert into assigned_user (user_id, issue_id) values (12, 462);
insert into assigned_user (user_id, issue_id) values (15, 320);
insert into assigned_user (user_id, issue_id) values (30, 449);
insert into assigned_user (user_id, issue_id) values (3, 412);
insert into assigned_user (user_id, issue_id) values (13, 14);
insert into assigned_user (user_id, issue_id) values (9, 444);
insert into assigned_user (user_id, issue_id) values (3, 355);
insert into assigned_user (user_id, issue_id) values (1, 401);
insert into assigned_user (user_id, issue_id) values (30, 409);
insert into assigned_user (user_id, issue_id) values (9, 491);
insert into assigned_user (user_id, issue_id) values (4, 162);
insert into assigned_user (user_id, issue_id) values (7, 375);
insert into assigned_user (user_id, issue_id) values (6, 178);
insert into assigned_user (user_id, issue_id) values (17, 461);
insert into assigned_user (user_id, issue_id) values (24, 423);
insert into assigned_user (user_id, issue_id) values (16, 317);
insert into assigned_user (user_id, issue_id) values (18, 286);
insert into assigned_user (user_id, issue_id) values (23, 489);
insert into assigned_user (user_id, issue_id) values (19, 362);
insert into assigned_user (user_id, issue_id) values (4, 97);
insert into assigned_user (user_id, issue_id) values (27, 26);
insert into assigned_user (user_id, issue_id) values (20, 41);
insert into assigned_user (user_id, issue_id) values (14, 75);
insert into assigned_user (user_id, issue_id) values (4, 290);
insert into assigned_user (user_id, issue_id) values (21, 92);
insert into assigned_user (user_id, issue_id) values (23, 126);
insert into assigned_user (user_id, issue_id) values (22, 230);
insert into assigned_user (user_id, issue_id) values (18, 253);
insert into assigned_user (user_id, issue_id) values (28, 491);
insert into assigned_user (user_id, issue_id) values (1, 466);
insert into assigned_user (user_id, issue_id) values (8, 120);
insert into assigned_user (user_id, issue_id) values (17, 483);
insert into assigned_user (user_id, issue_id) values (21, 374);
insert into assigned_user (user_id, issue_id) values (20, 339);
insert into assigned_user (user_id, issue_id) values (3, 188);
insert into assigned_user (user_id, issue_id) values (2, 336);
insert into assigned_user (user_id, issue_id) values (16, 328);
insert into assigned_user (user_id, issue_id) values (11, 303);
insert into assigned_user (user_id, issue_id) values (30, 457);
insert into assigned_user (user_id, issue_id) values (20, 148);
insert into assigned_user (user_id, issue_id) values (1, 482);
insert into assigned_user (user_id, issue_id) values (21, 473);
insert into assigned_user (user_id, issue_id) values (6, 140);
insert into assigned_user (user_id, issue_id) values (4, 427);
insert into assigned_user (user_id, issue_id) values (25, 123);
insert into assigned_user (user_id, issue_id) values (5, 37);
insert into assigned_user (user_id, issue_id) values (23, 94);
insert into assigned_user (user_id, issue_id) values (16, 136);
insert into assigned_user (user_id, issue_id) values (22, 242);
insert into assigned_user (user_id, issue_id) values (28, 27);
insert into assigned_user (user_id, issue_id) values (3, 248);
insert into assigned_user (user_id, issue_id) values (28, 369);
insert into assigned_user (user_id, issue_id) values (11, 311);
insert into assigned_user (user_id, issue_id) values (16, 420);
insert into assigned_user (user_id, issue_id) values (30, 304);
insert into assigned_user (user_id, issue_id) values (6, 209);
insert into assigned_user (user_id, issue_id) values (15, 491);
insert into assigned_user (user_id, issue_id) values (3, 290);
insert into assigned_user (user_id, issue_id) values (26, 435);
insert into assigned_user (user_id, issue_id) values (7, 378);
insert into assigned_user (user_id, issue_id) values (5, 142);
insert into assigned_user (user_id, issue_id) values (23, 411);
insert into assigned_user (user_id, issue_id) values (22, 65);
insert into assigned_user (user_id, issue_id) values (1, 234);
insert into assigned_user (user_id, issue_id) values (16, 464);
insert into assigned_user (user_id, issue_id) values (18, 224);
insert into assigned_user (user_id, issue_id) values (12, 449);
insert into assigned_user (user_id, issue_id) values (4, 16);
insert into assigned_user (user_id, issue_id) values (12, 132);
insert into assigned_user (user_id, issue_id) values (27, 158);
insert into assigned_user (user_id, issue_id) values (9, 485);
insert into assigned_user (user_id, issue_id) values (24, 73);
insert into assigned_user (user_id, issue_id) values (3, 349);
insert into assigned_user (user_id, issue_id) values (17, 236);
insert into assigned_user (user_id, issue_id) values (18, 204);
insert into assigned_user (user_id, issue_id) values (25, 77);
insert into assigned_user (user_id, issue_id) values (20, 63);
insert into assigned_user (user_id, issue_id) values (8, 331);
insert into assigned_user (user_id, issue_id) values (22, 61);
insert into assigned_user (user_id, issue_id) values (16, 308);
insert into assigned_user (user_id, issue_id) values (5, 487);
insert into assigned_user (user_id, issue_id) values (21, 102);
insert into assigned_user (user_id, issue_id) values (7, 7);
insert into assigned_user (user_id, issue_id) values (3, 210);
insert into assigned_user (user_id, issue_id) values (18, 41);
insert into assigned_user (user_id, issue_id) values (4, 469);
insert into assigned_user (user_id, issue_id) values (29, 280);
insert into assigned_user (user_id, issue_id) values (2, 171);
insert into assigned_user (user_id, issue_id) values (8, 71);
insert into assigned_user (user_id, issue_id) values (4, 85);
insert into assigned_user (user_id, issue_id) values (6, 10);
insert into assigned_user (user_id, issue_id) values (24, 102);
insert into assigned_user (user_id, issue_id) values (16, 340);
insert into assigned_user (user_id, issue_id) values (10, 27);
insert into assigned_user (user_id, issue_id) values (18, 208);
insert into assigned_user (user_id, issue_id) values (20, 147);
insert into assigned_user (user_id, issue_id) values (4, 4);
insert into assigned_user (user_id, issue_id) values (21, 262);
insert into assigned_user (user_id, issue_id) values (10, 193);
insert into assigned_user (user_id, issue_id) values (26, 50);
insert into assigned_user (user_id, issue_id) values (28, 110);
insert into assigned_user (user_id, issue_id) values (6, 112);
insert into assigned_user (user_id, issue_id) values (4, 159);
insert into assigned_user (user_id, issue_id) values (11, 314);
insert into assigned_user (user_id, issue_id) values (23, 116);
insert into assigned_user (user_id, issue_id) values (29, 12);
insert into assigned_user (user_id, issue_id) values (11, 461);
insert into assigned_user (user_id, issue_id) values (13, 241);
insert into assigned_user (user_id, issue_id) values (6, 224);
insert into assigned_user (user_id, issue_id) values (30, 174);
insert into assigned_user (user_id, issue_id) values (7, 63);
insert into assigned_user (user_id, issue_id) values (30, 431);
insert into assigned_user (user_id, issue_id) values (18, 402);
insert into assigned_user (user_id, issue_id) values (27, 412);
insert into assigned_user (user_id, issue_id) values (22, 318);
insert into assigned_user (user_id, issue_id) values (19, 443);
insert into assigned_user (user_id, issue_id) values (13, 18);
insert into assigned_user (user_id, issue_id) values (10, 200);
insert into assigned_user (user_id, issue_id) values (5, 356);
insert into assigned_user (user_id, issue_id) values (19, 180);
insert into assigned_user (user_id, issue_id) values (30, 376);
insert into assigned_user (user_id, issue_id) values (5, 210);
insert into assigned_user (user_id, issue_id) values (25, 22);
insert into assigned_user (user_id, issue_id) values (29, 36);
insert into assigned_user (user_id, issue_id) values (3, 432);
insert into assigned_user (user_id, issue_id) values (29, 244);
insert into assigned_user (user_id, issue_id) values (14, 453);
insert into assigned_user (user_id, issue_id) values (20, 468);
insert into assigned_user (user_id, issue_id) values (8, 358);
insert into assigned_user (user_id, issue_id) values (15, 475);
insert into assigned_user (user_id, issue_id) values (26, 364);
insert into assigned_user (user_id, issue_id) values (8, 113);
insert into assigned_user (user_id, issue_id) values (5, 493);
insert into assigned_user (user_id, issue_id) values (23, 255);
insert into assigned_user (user_id, issue_id) values (16, 422);
insert into assigned_user (user_id, issue_id) values (15, 326);
insert into assigned_user (user_id, issue_id) values (12, 268);
insert into assigned_user (user_id, issue_id) values (2, 322);
insert into assigned_user (user_id, issue_id) values (15, 402);
insert into assigned_user (user_id, issue_id) values (30, 139);
insert into assigned_user (user_id, issue_id) values (30, 31);
insert into assigned_user (user_id, issue_id) values (13, 411);
insert into assigned_user (user_id, issue_id) values (3, 238);
insert into assigned_user (user_id, issue_id) values (9, 294);
insert into assigned_user (user_id, issue_id) values (22, 393);
insert into assigned_user (user_id, issue_id) values (15, 232);
insert into assigned_user (user_id, issue_id) values (7, 474);
insert into assigned_user (user_id, issue_id) values (29, 318);
insert into assigned_user (user_id, issue_id) values (20, 380);
insert into assigned_user (user_id, issue_id) values (12, 322);
insert into assigned_user (user_id, issue_id) values (5, 221);
insert into assigned_user (user_id, issue_id) values (27, 326);
insert into assigned_user (user_id, issue_id) values (24, 105);
insert into assigned_user (user_id, issue_id) values (20, 419);
insert into assigned_user (user_id, issue_id) values (21, 392);
insert into assigned_user (user_id, issue_id) values (5, 269);
insert into assigned_user (user_id, issue_id) values (27, 399);
insert into assigned_user (user_id, issue_id) values (18, 255);
insert into assigned_user (user_id, issue_id) values (21, 117);
insert into assigned_user (user_id, issue_id) values (13, 122);
insert into assigned_user (user_id, issue_id) values (17, 414);
insert into assigned_user (user_id, issue_id) values (13, 384);
insert into assigned_user (user_id, issue_id) values (9, 179);
insert into assigned_user (user_id, issue_id) values (1, 347);
insert into assigned_user (user_id, issue_id) values (28, 192);
insert into assigned_user (user_id, issue_id) values (7, 232);
insert into assigned_user (user_id, issue_id) values (10, 488);
insert into assigned_user (user_id, issue_id) values (28, 496);
insert into assigned_user (user_id, issue_id) values (18, 75);
insert into assigned_user (user_id, issue_id) values (13, 498);
insert into assigned_user (user_id, issue_id) values (18, 149);
insert into assigned_user (user_id, issue_id) values (4, 189);
insert into assigned_user (user_id, issue_id) values (12, 485);
insert into assigned_user (user_id, issue_id) values (29, 189);
insert into assigned_user (user_id, issue_id) values (30, 333);
insert into assigned_user (user_id, issue_id) values (15, 13);
insert into assigned_user (user_id, issue_id) values (10, 290);
insert into assigned_user (user_id, issue_id) values (15, 335);
insert into assigned_user (user_id, issue_id) values (24, 277);
insert into assigned_user (user_id, issue_id) values (16, 478);
insert into assigned_user (user_id, issue_id) values (8, 12);
insert into assigned_user (user_id, issue_id) values (27, 483);
insert into assigned_user (user_id, issue_id) values (24, 381);
insert into assigned_user (user_id, issue_id) values (15, 225);
insert into assigned_user (user_id, issue_id) values (9, 261);
insert into assigned_user (user_id, issue_id) values (14, 47);
insert into assigned_user (user_id, issue_id) values (25, 256);
insert into assigned_user (user_id, issue_id) values (3, 171);
insert into assigned_user (user_id, issue_id) values (21, 497);
insert into assigned_user (user_id, issue_id) values (14, 133);
insert into assigned_user (user_id, issue_id) values (27, 100);
insert into assigned_user (user_id, issue_id) values (14, 331);
insert into assigned_user (user_id, issue_id) values (10, 306);
insert into assigned_user (user_id, issue_id) values (25, 151);
insert into assigned_user (user_id, issue_id) values (25, 462);
insert into assigned_user (user_id, issue_id) values (5, 103);
insert into assigned_user (user_id, issue_id) values (1, 123);
insert into assigned_user (user_id, issue_id) values (11, 354);
insert into assigned_user (user_id, issue_id) values (21, 373);
insert into assigned_user (user_id, issue_id) values (11, 191);
insert into assigned_user (user_id, issue_id) values (24, 228);
insert into assigned_user (user_id, issue_id) values (2, 151);
insert into assigned_user (user_id, issue_id) values (25, 66);
insert into assigned_user (user_id, issue_id) values (29, 463);
insert into assigned_user (user_id, issue_id) values (2, 348);
insert into assigned_user (user_id, issue_id) values (14, 470);
insert into assigned_user (user_id, issue_id) values (3, 362);
insert into assigned_user (user_id, issue_id) values (29, 49);
insert into assigned_user (user_id, issue_id) values (26, 302);
insert into assigned_user (user_id, issue_id) values (13, 112);
insert into assigned_user (user_id, issue_id) values (11, 149);
insert into assigned_user (user_id, issue_id) values (20, 447);
insert into assigned_user (user_id, issue_id) values (8, 99);
insert into assigned_user (user_id, issue_id) values (17, 322);
insert into assigned_user (user_id, issue_id) values (13, 29);
insert into assigned_user (user_id, issue_id) values (30, 473);
insert into assigned_user (user_id, issue_id) values (27, 394);
insert into assigned_user (user_id, issue_id) values (1, 294);
insert into assigned_user (user_id, issue_id) values (17, 4);
insert into assigned_user (user_id, issue_id) values (12, 451);
insert into assigned_user (user_id, issue_id) values (3, 152);
insert into assigned_user (user_id, issue_id) values (23, 439);
insert into assigned_user (user_id, issue_id) values (27, 161);
insert into assigned_user (user_id, issue_id) values (4, 246);
insert into assigned_user (user_id, issue_id) values (1, 168);
insert into assigned_user (user_id, issue_id) values (2, 142);
insert into assigned_user (user_id, issue_id) values (6, 496);
insert into assigned_user (user_id, issue_id) values (29, 260);
insert into assigned_user (user_id, issue_id) values (23, 147);
insert into assigned_user (user_id, issue_id) values (16, 125);
insert into assigned_user (user_id, issue_id) values (29, 283);
insert into assigned_user (user_id, issue_id) values (26, 174);
insert into assigned_user (user_id, issue_id) values (2, 95);
insert into assigned_user (user_id, issue_id) values (12, 297);
insert into assigned_user (user_id, issue_id) values (12, 172);
insert into assigned_user (user_id, issue_id) values (10, 167);
insert into assigned_user (user_id, issue_id) values (27, 402);
insert into assigned_user (user_id, issue_id) values (5, 32);
insert into assigned_user (user_id, issue_id) values (18, 313);
insert into assigned_user (user_id, issue_id) values (1, 202);
insert into assigned_user (user_id, issue_id) values (20, 371);
insert into assigned_user (user_id, issue_id) values (2, 379);
insert into assigned_user (user_id, issue_id) values (18, 142);
insert into assigned_user (user_id, issue_id) values (24, 74);
insert into assigned_user (user_id, issue_id) values (2, 366);
insert into assigned_user (user_id, issue_id) values (10, 455);
insert into assigned_user (user_id, issue_id) values (1, 290);
insert into assigned_user (user_id, issue_id) values (27, 425);
insert into assigned_user (user_id, issue_id) values (15, 369);
insert into assigned_user (user_id, issue_id) values (2, 154);
insert into assigned_user (user_id, issue_id) values (2, 333);
insert into assigned_user (user_id, issue_id) values (11, 307);
insert into assigned_user (user_id, issue_id) values (30, 313);
insert into assigned_user (user_id, issue_id) values (16, 295);
insert into assigned_user (user_id, issue_id) values (23, 1);
insert into assigned_user (user_id, issue_id) values (28, 321);
insert into assigned_user (user_id, issue_id) values (1, 475);
insert into assigned_user (user_id, issue_id) values (18, 258);
insert into assigned_user (user_id, issue_id) values (18, 131);
insert into assigned_user (user_id, issue_id) values (28, 36);
insert into assigned_user (user_id, issue_id) values (29, 81);
insert into assigned_user (user_id, issue_id) values (11, 228);
insert into assigned_user (user_id, issue_id) values (10, 161);
insert into assigned_user (user_id, issue_id) values (23, 304);
insert into assigned_user (user_id, issue_id) values (2, 140);
insert into assigned_user (user_id, issue_id) values (29, 419);
insert into assigned_user (user_id, issue_id) values (22, 317);
insert into assigned_user (user_id, issue_id) values (5, 258);
insert into assigned_user (user_id, issue_id) values (4, 179);
insert into assigned_user (user_id, issue_id) values (10, 150);
insert into assigned_user (user_id, issue_id) values (2, 338);
insert into assigned_user (user_id, issue_id) values (13, 431);
insert into assigned_user (user_id, issue_id) values (27, 298);
insert into assigned_user (user_id, issue_id) values (5, 285);
insert into assigned_user (user_id, issue_id) values (19, 137);
insert into assigned_user (user_id, issue_id) values (2, 421);
insert into assigned_user (user_id, issue_id) values (7, 113);
insert into assigned_user (user_id, issue_id) values (4, 372);
insert into assigned_user (user_id, issue_id) values (14, 138);
insert into assigned_user (user_id, issue_id) values (6, 235);
insert into assigned_user (user_id, issue_id) values (24, 67);
insert into assigned_user (user_id, issue_id) values (29, 481);
insert into assigned_user (user_id, issue_id) values (23, 108);
insert into assigned_user (user_id, issue_id) values (4, 24);
insert into assigned_user (user_id, issue_id) values (7, 149);
insert into assigned_user (user_id, issue_id) values (8, 473);
insert into assigned_user (user_id, issue_id) values (29, 258);
insert into assigned_user (user_id, issue_id) values (29, 38);
insert into assigned_user (user_id, issue_id) values (14, 472);
insert into assigned_user (user_id, issue_id) values (14, 357);
insert into assigned_user (user_id, issue_id) values (7, 329);
insert into assigned_user (user_id, issue_id) values (6, 170);
insert into assigned_user (user_id, issue_id) values (7, 217);
insert into assigned_user (user_id, issue_id) values (6, 2);
insert into assigned_user (user_id, issue_id) values (10, 274);
insert into assigned_user (user_id, issue_id) values (23, 465);
insert into assigned_user (user_id, issue_id) values (27, 362);
insert into assigned_user (user_id, issue_id) values (26, 51);
insert into assigned_user (user_id, issue_id) values (9, 138);
insert into assigned_user (user_id, issue_id) values (18, 354);
insert into assigned_user (user_id, issue_id) values (3, 10);
insert into assigned_user (user_id, issue_id) values (10, 442);
insert into assigned_user (user_id, issue_id) values (15, 210);
insert into assigned_user (user_id, issue_id) values (11, 63);
insert into assigned_user (user_id, issue_id) values (23, 313);
insert into assigned_user (user_id, issue_id) values (3, 221);
insert into assigned_user (user_id, issue_id) values (25, 278);
insert into assigned_user (user_id, issue_id) values (29, 156);
insert into assigned_user (user_id, issue_id) values (7, 52);
insert into assigned_user (user_id, issue_id) values (14, 96);
insert into assigned_user (user_id, issue_id) values (6, 471);
insert into assigned_user (user_id, issue_id) values (1, 122);
insert into assigned_user (user_id, issue_id) values (7, 382);
insert into assigned_user (user_id, issue_id) values (25, 13);
insert into assigned_user (user_id, issue_id) values (19, 348);
insert into assigned_user (user_id, issue_id) values (18, 225);
insert into assigned_user (user_id, issue_id) values (11, 378);
insert into assigned_user (user_id, issue_id) values (14, 168);
insert into assigned_user (user_id, issue_id) values (7, 325);
insert into assigned_user (user_id, issue_id) values (10, 359);
insert into assigned_user (user_id, issue_id) values (6, 477);
insert into assigned_user (user_id, issue_id) values (1, 220);
insert into assigned_user (user_id, issue_id) values (9, 101);
insert into assigned_user (user_id, issue_id) values (19, 415);
insert into assigned_user (user_id, issue_id) values (13, 399);
insert into assigned_user (user_id, issue_id) values (14, 2);
insert into assigned_user (user_id, issue_id) values (14, 407);
insert into assigned_user (user_id, issue_id) values (9, 413);
insert into assigned_user (user_id, issue_id) values (22, 205);
insert into assigned_user (user_id, issue_id) values (4, 78);
insert into assigned_user (user_id, issue_id) values (10, 117);
insert into assigned_user (user_id, issue_id) values (1, 150);
insert into assigned_user (user_id, issue_id) values (3, 401);
insert into assigned_user (user_id, issue_id) values (27, 223);
insert into assigned_user (user_id, issue_id) values (13, 139);
insert into assigned_user (user_id, issue_id) values (23, 463);
insert into assigned_user (user_id, issue_id) values (2, 500);
insert into assigned_user (user_id, issue_id) values (18, 320);
insert into assigned_user (user_id, issue_id) values (17, 401);
insert into assigned_user (user_id, issue_id) values (18, 154);
insert into assigned_user (user_id, issue_id) values (20, 365);
insert into assigned_user (user_id, issue_id) values (3, 324);
insert into assigned_user (user_id, issue_id) values (7, 462);
insert into assigned_user (user_id, issue_id) values (17, 159);
insert into assigned_user (user_id, issue_id) values (10, 88);
insert into assigned_user (user_id, issue_id) values (2, 416);
insert into assigned_user (user_id, issue_id) values (24, 85);
insert into assigned_user (user_id, issue_id) values (14, 24);
insert into assigned_user (user_id, issue_id) values (27, 337);
insert into assigned_user (user_id, issue_id) values (19, 178);
insert into assigned_user (user_id, issue_id) values (14, 160);
insert into assigned_user (user_id, issue_id) values (28, 464);
insert into assigned_user (user_id, issue_id) values (4, 6);
insert into assigned_user (user_id, issue_id) values (5, 126);
insert into assigned_user (user_id, issue_id) values (3, 445);
insert into assigned_user (user_id, issue_id) values (9, 253);
insert into assigned_user (user_id, issue_id) values (26, 406);
insert into assigned_user (user_id, issue_id) values (9, 487);
insert into assigned_user (user_id, issue_id) values (10, 5);
insert into assigned_user (user_id, issue_id) values (21, 205);
insert into assigned_user (user_id, issue_id) values (30, 57);
insert into assigned_user (user_id, issue_id) values (22, 228);
insert into assigned_user (user_id, issue_id) values (21, 447);
insert into assigned_user (user_id, issue_id) values (8, 224);
insert into assigned_user (user_id, issue_id) values (3, 112);
insert into assigned_user (user_id, issue_id) values (19, 216);
insert into assigned_user (user_id, issue_id) values (3, 451);
insert into assigned_user (user_id, issue_id) values (18, 240);
insert into assigned_user (user_id, issue_id) values (6, 466);
insert into assigned_user (user_id, issue_id) values (21, 202);
insert into assigned_user (user_id, issue_id) values (20, 139);
insert into assigned_user (user_id, issue_id) values (17, 351);
insert into assigned_user (user_id, issue_id) values (22, 415);
insert into assigned_user (user_id, issue_id) values (6, 478);
insert into assigned_user (user_id, issue_id) values (21, 109);
insert into assigned_user (user_id, issue_id) values (27, 39);
insert into assigned_user (user_id, issue_id) values (29, 157);
insert into assigned_user (user_id, issue_id) values (25, 471);
insert into assigned_user (user_id, issue_id) values (7, 73);
insert into assigned_user (user_id, issue_id) values (26, 393);
insert into assigned_user (user_id, issue_id) values (7, 427);
insert into assigned_user (user_id, issue_id) values (8, 185);
insert into assigned_user (user_id, issue_id) values (30, 497);
insert into assigned_user (user_id, issue_id) values (17, 74);
insert into assigned_user (user_id, issue_id) values (16, 137);
insert into assigned_user (user_id, issue_id) values (3, 31);
insert into assigned_user (user_id, issue_id) values (11, 309);
insert into assigned_user (user_id, issue_id) values (27, 108);
insert into assigned_user (user_id, issue_id) values (22, 149);
insert into assigned_user (user_id, issue_id) values (2, 465);
insert into assigned_user (user_id, issue_id) values (29, 96);
insert into assigned_user (user_id, issue_id) values (20, 437);
insert into assigned_user (user_id, issue_id) values (12, 187);
insert into assigned_user (user_id, issue_id) values (1, 79);
insert into assigned_user (user_id, issue_id) values (21, 241);
insert into assigned_user (user_id, issue_id) values (1, 382);
insert into assigned_user (user_id, issue_id) values (6, 276);
insert into assigned_user (user_id, issue_id) values (24, 367);
insert into assigned_user (user_id, issue_id) values (30, 436);
insert into assigned_user (user_id, issue_id) values (23, 74);
insert into assigned_user (user_id, issue_id) values (2, 306);
insert into assigned_user (user_id, issue_id) values (23, 456);
insert into assigned_user (user_id, issue_id) values (26, 167);
insert into assigned_user (user_id, issue_id) values (27, 368);
insert into assigned_user (user_id, issue_id) values (11, 199);
insert into assigned_user (user_id, issue_id) values (22, 330);
insert into assigned_user (user_id, issue_id) values (14, 379);
insert into assigned_user (user_id, issue_id) values (14, 347);
insert into assigned_user (user_id, issue_id) values (14, 322);
insert into assigned_user (user_id, issue_id) values (26, 350);
insert into assigned_user (user_id, issue_id) values (14, 433);
insert into assigned_user (user_id, issue_id) values (26, 447);
insert into assigned_user (user_id, issue_id) values (30, 202);
insert into assigned_user (user_id, issue_id) values (24, 306);
insert into assigned_user (user_id, issue_id) values (10, 239);
insert into assigned_user (user_id, issue_id) values (29, 359);
insert into assigned_user (user_id, issue_id) values (9, 29);
insert into assigned_user (user_id, issue_id) values (27, 72);
insert into assigned_user (user_id, issue_id) values (23, 311);
insert into assigned_user (user_id, issue_id) values (6, 446);
insert into assigned_user (user_id, issue_id) values (9, 99);
insert into assigned_user (user_id, issue_id) values (19, 278);
insert into assigned_user (user_id, issue_id) values (20, 51);
insert into assigned_user (user_id, issue_id) values (3, 98);
insert into assigned_user (user_id, issue_id) values (20, 435);
insert into assigned_user (user_id, issue_id) values (19, 495);
insert into assigned_user (user_id, issue_id) values (25, 304);
insert into assigned_user (user_id, issue_id) values (19, 215);
insert into assigned_user (user_id, issue_id) values (14, 439);
insert into assigned_user (user_id, issue_id) values (2, 365);
insert into assigned_user (user_id, issue_id) values (17, 476);
insert into assigned_user (user_id, issue_id) values (25, 60);
insert into assigned_user (user_id, issue_id) values (28, 176);
insert into assigned_user (user_id, issue_id) values (29, 188);
insert into assigned_user (user_id, issue_id) values (1, 127);
insert into assigned_user (user_id, issue_id) values (26, 473);
insert into assigned_user (user_id, issue_id) values (15, 347);
insert into assigned_user (user_id, issue_id) values (2, 434);
insert into assigned_user (user_id, issue_id) values (17, 142);
insert into assigned_user (user_id, issue_id) values (18, 163);
insert into assigned_user (user_id, issue_id) values (5, 387);
insert into assigned_user (user_id, issue_id) values (21, 44);
insert into assigned_user (user_id, issue_id) values (27, 31);
insert into assigned_user (user_id, issue_id) values (14, 431);
insert into assigned_user (user_id, issue_id) values (7, 388);
insert into assigned_user (user_id, issue_id) values (3, 482);
insert into assigned_user (user_id, issue_id) values (5, 310);
insert into assigned_user (user_id, issue_id) values (7, 181);
insert into assigned_user (user_id, issue_id) values (7, 248);
insert into assigned_user (user_id, issue_id) values (13, 287);
